header,amino acid sequence,nucleotide sequence,group,organism,publish_date
8657036VS,MGKFHLTLSRRDFMKSLGLAGAGLATVKVGTPVFHDLDEVISNENSNWRRPWWVKEREFDKPTVDVDWGIYKRFDKFTYAPANARIAMFGQEAVMKANQDWNNLVAKRLQEDTAGFTIRDRAMDEGLCEEGINGGYPAPRTASLPQDLADMADPPIVLSKGRWEGTPEENSRMVRCVLKLAGAGSVAFGVASEDKAEKFIYTHEHVWGDFKHYKIGDYDDIWEDEETRYHPHKCKYMITYTIPESEELLRRAPSNFAEATVDQAYSESRVIFGRMTNFLWALGKYICGGDCSNAHSIHTATAAWTGLSECSRMHQQTISSEFGNIMRQFCIWTDLPLAPTPPIDMGIMRYCLTCKKCADTCPSGAISHEDPTWERAFAPYCQEGVYDYDFSHAKCSQFWKQSSWGCSMCTGSCPFGHKNYGTVHDVISATAAVTPIFNGFFRNMDDLFGYGKNPGMESWWDQEPRYRGLYREIF,ATGGGGAAATTCCACTTAACATTATCCCGGCGTGATTTTATGAAATCACTAGGACTGGCTGGTGCGGGGCTAGCGACTGTAAAAGTAGGCACACCAGTATTTCACGATCTGGATGAGGTGATCTCAAATGAAAATTCTAACTGGAGACGCCCTTGGTGGGTAAAGGAGCGTGAGTTCGACAAACCCACTGTAGACGTTGATTGGGGTATTTACAAGCGGTTTGATAAGTTTACCTATGCGCCAGCGAATGCCAGAATTGCCATGTTTGGGCAGGAAGCTGTGATGAAGGCCAACCAGGACTGGAATAATCTGGTGGCCAAACGTCTTCAGGAAGACACAGCTGGCTTTACTATCCGTGACAGAGCAATGGACGAAGGGCTTTGCGAAGAGGGTATTAATGGTGGCTATCCTGCTCCGCGTACTGCCAGTCTGCCTCAAGATTTGGCGGATATGGCTGATCCACCCATTGTACTCTCGAAAGGGCGCTGGGAAGGCACACCTGAGGAAAATTCCCGCATGGTGCGTTGTGTACTCAAACTTGCGGGTGCAGGTAGTGTCGCCTTTGGTGTAGCTTCAGAAGATAAAGCAGAAAAATTTATCTATACCCATGAACATGTTTGGGGAGACTTCAAACACTACAAGATTGGTGATTATGACGATATCTGGGAAGATGAGGAGACACGCTATCACCCGCACAAATGTAAATATATGATAACCTATACTATTCCTGAATCTGAGGAGCTTCTACGTCGTGCGCCATCTAATTTTGCCGAGGCAACTGTAGATCAAGCGTATTCGGAATCCAGAGTAATTTTTGGCCGGATGACCAACTTCCTTTGGGCATTAGGTAAATATATCTGTGGTGGTGATTGTTCCAACGCGCATTCCATACATACTGCTACCGCTGCATGGACAGGCCTGAGTGAATGTAGCCGTATGCACCAGCAAACTATCTCCTCTGAGTTTGGCAATATTATGCGGCAATTTTGTATTTGGACAGATTTGCCGCTTGCACCTACTCCACCAATAGATATGGGTATTATGCGCTACTGCCTCACATGTAAAAAATGTGCCGATACTTGTCCCTCTGGTGCCATAAGCCACGAAGATCCAACCTGGGAAAGAGCTTTTGCTCCATACTGCCAGGAAGGTGTATATGATTATGATTTTAGTCATGCCAAGTGCTCTCAATTCTGGAAACAGAGTTCTTGGGGTTGCTCCATGTGCACTGGTTCCTGCCCCTTTGGCCATAAGAATTACGGTACTGTACACGATGTTATTTCAGCTACTGCTGCTGTAACTCCAATTTTCAACGGTTTCTTCCGGAATATGGATGACTTATTTGGCTATGGTAAGAATCCGGGCATGGAGTCATGGTGGGATCAGGAGCCTAGATATCGTGGTCTTTACCGTGAAATCTTTTAA,,Dehalococcoides mccartyi VS,
8657042VS,MEMNIYHSTISRRNFMKGLGLSGAALGAATASAPVFHDLDEMITSVPKSTTQHAWWVKERDYEDITTPVDWTVWSRREALKNPMPPGFAGNYVPKEQARLQSFRDEIKRGITEKIPGATLRDWALSEAGRSNTTSSSWMGLDVKPPWLWGEASALPVEPWPEGAPKWESTPEDNLRTVQAAGHYFGTPQVGAMEINEHMIRMFDKDGFEHNYSESYEKPMMRFRSEWFEDIPVGFQDANQVKHIPKSCKWAVTYIAAKENALQMTYGMRTGDPQDPWYKRIFPLGYTTGEAYSKADYVKVQFMKFIKMLGYQTYYMGLAGGTSSNSPAGVFSGLAEEARPALACSPYYGNAVRHIGIIVTDMPLSPTKPIDAGIVNFCKVCKKCAETCPSGAISMETEQQWEPACTGNNPGRKTWYLDWFKCRPWGSPYYCPNCQTVCPFNNPNKAIIHNAVRMTAATTPIFNSFFSSLDKSFGYAHQRSDEERLNWWYRDLNTWQYDDVFGMGTKDPKSWL,ATGGAAATGAATATTTATCATTCAACTATTAGCAGGCGTAATTTCATGAAGGGGTTGGGATTGAGTGGTGCTGCTTTGGGTGCTGCAACAGCTTCAGCACCAGTATTTCATGATTTGGATGAAATGATTACATCTGTACCTAAATCTACAACTCAACATGCTTGGTGGGTAAAAGAAAGAGATTATGAGGATATTACTACGCCTGTTGATTGGACTGTTTGGTCACGACGTGAAGCCTTAAAGAATCCGATGCCCCCCGGTTTTGCAGGTAACTACGTACCCAAAGAGCAGGCAAGATTACAGAGTTTTCGGGATGAAATTAAAAGAGGTATAACTGAAAAAATTCCCGGTGCAACTTTGCGAGATTGGGCTCTATCGGAAGCAGGGCGAAGCAATACCACCTCTTCGTCATGGATGGGGCTTGATGTTAAACCCCCATGGTTATGGGGTGAAGCCTCTGCTTTACCGGTTGAACCCTGGCCAGAAGGTGCGCCAAAATGGGAATCTACTCCAGAAGATAACCTTAGAACGGTCCAAGCTGCCGGACATTATTTCGGTACGCCTCAGGTAGGTGCCATGGAAATCAATGAACATATGATTCGTATGTTCGATAAAGATGGTTTTGAACATAACTATAGTGAAAGTTATGAGAAACCCATGATGCGATTCCGCTCTGAGTGGTTTGAGGATATTCCGGTTGGTTTTCAGGATGCCAATCAGGTTAAACATATTCCAAAATCATGTAAATGGGCCGTTACTTATATTGCCGCCAAAGAAAATGCACTGCAGATGACTTATGGCATGCGCACTGGTGATCCTCAAGATCCTTGGTATAAGCGCATTTTCCCTCTGGGCTATACAACAGGAGAGGCTTATTCCAAAGCGGATTATGTTAAAGTCCAATTTATGAAATTCATAAAAATGCTGGGTTATCAAACTTATTACATGGGTTTAGCCGGTGGTACAAGTTCAAATAGTCCTGCAGGAGTTTTTTCAGGTTTGGCAGAAGAAGCTCGCCCAGCGCTAGCCTGCTCACCTTATTATGGCAATGCGGTACGTCATATCGGAATAATTGTTACTGATATGCCTCTGAGTCCTACTAAGCCTATCGATGCCGGTATTGTTAATTTTTGCAAAGTATGTAAAAAATGTGCAGAGACTTGCCCTTCCGGTGCTATTAGTATGGAAACTGAACAACAATGGGAACCTGCCTGCACGGGGAATAATCCCGGTCGAAAAACTTGGTATTTGGATTGGTTTAAATGTCGTCCATGGGGTTCCCCATATTATTGCCCCAATTGTCAAACAGTTTGCCCATTTAACAATCCTAACAAAGCAATTATCCATAACGCTGTACGTATGACGGCTGCTACCACTCCAATATTTAACAGCTTCTTTTCATCTTTGGATAAGAGCTTTGGTTATGCTCACCAGCGTTCGGACGAAGAGCGACTTAACTGGTGGTACAGGGATCTTAATACATGGCAATATGATGATGTTTTTGGTATGGGCACAAAAGATCCAAAATCTTGGTTATGA,27,Dehalococcoides mccartyi VS,
8657050VS,MSIFHSTLNRRDFMKALGLTGAGMGTIAASAPVMHDVDELLASAEDTEIKHQNPWWVKERDYFNPTVPIDWDLKWRVDGRNARLYNVQDSKWYFNAYSETQAKIYAEYAENEDPEFKWGDPRRMALEAGCSFAQFGSLTLSSGTYSLHSYLGNPPTKTPETNGYAKWVGTPEENLLLLRGAVRFFGGDDVGVMEHDTHLDRVLCTYDMNGYKNSFEDIDEPYQTQSPKVTGIPNSYKWCFTWTLRQPMDVTRRQQGGIMRAYPNYNKYGEAESVGVWRAYSELAIVENRLQLFLRGLGYRGIAGGMSAITSGNAIATVAGCMEHARMGQVAVHPKFGSTVRGTYKMMTNFPLAPTKPIDAGIYEFCKSCQICAEHCPTGIIQKSDPTWTTGRNPEDGNDNGTFGEPLPYQAQGFEGWRTDIGKCPHCPVCQGTCPFNELPNASWIHTLVKATAANTTLFNSFFAQMDRNFKYGRKPYIGFWDDFGTRPTYDMDTTR,ATGTCTATTTTCCATTCAACCCTAAACAGAAGAGATTTTATGAAAGCACTCGGCTTGACTGGTGCAGGAATGGGTACTATAGCTGCGTCAGCACCGGTAATGCATGATGTTGATGAACTTTTAGCCTCAGCTGAAGATACTGAAATCAAGCACCAGAATCCATGGTGGGTTAAAGAACGTGACTATTTTAACCCAACCGTACCCATTGACTGGGACCTCAAATGGCGGGTTGATGGCAGAAATGCCCGCCTGTACAACGTCCAAGACAGCAAGTGGTACTTTAACGCTTATTCCGAAACCCAAGCAAAAATATATGCGGAGTATGCCGAAAATGAGGACCCAGAATTCAAATGGGGAGATCCGCGCCGCATGGCACTCGAAGCCGGCTGCAGCTTTGCCCAATTTGGCAGTCTTACCCTTAGCAGTGGAACATACAGCCTTCACAGCTATCTGGGCAATCCTCCCACTAAAACGCCCGAAACTAACGGCTATGCAAAGTGGGTGGGTACTCCGGAAGAAAACTTGCTGCTCTTAAGAGGTGCTGTCCGCTTCTTTGGTGGTGATGATGTAGGTGTTATGGAACACGATACCCATCTGGACAGGGTTCTGTGTACCTACGATATGAACGGGTATAAAAATTCTTTCGAAGATATAGATGAACCCTACCAAACTCAGAGCCCCAAGGTAACCGGCATTCCCAACAGCTACAAGTGGTGTTTCACCTGGACATTGAGACAACCTATGGATGTAACCCGCAGGCAACAGGGCGGCATAATGCGGGCTTATCCGAACTACAATAAATACGGTGAAGCTGAAAGCGTAGGCGTCTGGAGAGCTTACTCTGAACTGGCTATTGTAGAAAACCGTCTTCAGCTCTTCTTGCGTGGTCTGGGTTACCGGGGTATTGCTGGCGGTATGAGTGCTATTACTTCAGGCAATGCCATTGCTACAGTTGCCGGGTGTATGGAACATGCCCGAATGGGGCAGGTGGCCGTTCACCCCAAGTTTGGTTCGACTGTACGCGGTACATATAAAATGATGACCAATTTCCCCCTTGCTCCCACCAAACCCATTGACGCAGGTATTTATGAATTTTGTAAGTCCTGCCAGATATGCGCAGAACATTGCCCCACCGGCATTATCCAGAAAAGTGATCCCACATGGACTACCGGACGTAACCCGGAGGATGGCAACGATAATGGCACTTTTGGTGAACCGTTGCCTTACCAAGCGCAAGGATTTGAGGGCTGGCGAACCGATATAGGCAAGTGCCCTCATTGTCCGGTATGCCAAGGTACCTGTCCGTTCAATGAACTGCCAAATGCATCATGGATACATACTCTAGTCAAAGCCACTGCGGCCAATACTACCCTGTTCAATAGCTTCTTCGCTCAGATGGACAGAAACTTCAAGTATGGCCGCAAACCCTACATTGGTTTTTGGGATGATTTTGGCACCAGACCCACTTACGATATGGACACCACTAGATAG,26,Dehalococcoides mccartyi VS,
8657053VS,MTNYHSSVSRRDFMKAMGLVGAGMGAATAVTPAFRDLDELTASTDLSVYKKWWIKENDFGQLTTEVDWKVFNSFDTAKHPMPVMFGPTANGAMSAKNLANRKKRQTDGMLNKWPGSTLRDLALDGATGGNYPSIPWNGPNVSTPEGRGVPRWEGTPEDNTIMCKAASHFYGAPRCGAIEVDDKVKKFFNTSVVWEDTDTAYTTSDGKQHVPNKCKWILTWLTKQNHAMNKYTLRNNPDDPWYNTVFRQGKAGENQAYSHAPQIQYQVMGFLKGLGYQAIKATASGNTQFGVWSGLCESGRTTYALSPDYGLMVRYIDFCITDLPLAPTKPINAGLSVFCKNCMTCAKVCPSNTISLEKEPSWDTKDPGNNPGLKTWYLNWTTCAEYGGPFDCVNCQTVCPFSHDNDKSAIHNIIRGTVGTTHLFDGFFANMEKFWGYNTQLSDQVHTDWWYRDLETWEHDTLLGFGTKGW,ATGACCAATTATCATTCTTCTGTAAGCCGACGTGATTTCATGAAGGCGATGGGCCTGGTTGGTGCAGGCATGGGCGCAGCTACTGCCGTCACACCGGCATTCCGTGATCTTGACGAATTAACTGCCTCAACGGACCTTAGTGTATATAAAAAATGGTGGATAAAAGAGAATGACTTCGGGCAACTCACCACCGAAGTAGACTGGAAGGTCTTTAACTCTTTTGATACGGCCAAACATCCCATGCCGGTAATGTTTGGCCCCACTGCCAATGGTGCTATGAGTGCTAAAAATTTAGCAAACCGTAAAAAACGCCAAACGGATGGCATGTTAAACAAGTGGCCGGGATCTACTCTGCGTGACTTGGCCCTTGATGGGGCTACAGGCGGAAACTATCCTTCCATTCCCTGGAACGGCCCTAATGTAAGCACTCCCGAAGGCCGCGGCGTACCCAGATGGGAAGGCACGCCAGAAGACAACACCATCATGTGCAAAGCTGCTTCGCACTTCTACGGTGCACCCAGATGCGGTGCCATTGAAGTAGATGATAAGGTGAAGAAATTCTTTAACACATCTGTTGTTTGGGAAGACACTGATACAGCATATACAACTTCAGATGGCAAGCAACATGTACCCAATAAGTGCAAATGGATACTTACCTGGCTTACCAAACAAAACCATGCCATGAATAAATACACCCTTAGGAATAACCCTGATGACCCCTGGTACAATACCGTATTCCGTCAGGGTAAAGCTGGCGAAAACCAGGCTTACTCTCACGCACCTCAAATCCAGTACCAGGTAATGGGCTTTCTGAAGGGACTTGGCTACCAGGCTATCAAAGCCACCGCTTCCGGCAACACTCAGTTTGGGGTGTGGTCCGGTTTGTGTGAATCAGGACGTACCACCTATGCTCTTTCTCCCGACTATGGCTTAATGGTTAGGTATATCGATTTCTGTATCACTGACCTTCCTCTAGCCCCCACTAAACCCATTAATGCAGGTTTGAGCGTATTCTGCAAGAACTGCATGACCTGTGCTAAGGTTTGCCCTTCCAACACAATCAGTCTTGAGAAAGAACCTTCATGGGATACCAAAGATCCTGGTAATAATCCGGGGTTGAAAACATGGTATTTAAATTGGACTACTTGTGCCGAATATGGCGGGCCATTTGACTGTGTAAACTGTCAAACTGTTTGCCCTTTCAGCCATGACAATGACAAAAGCGCTATTCACAATATCATTCGTGGCACTGTTGGCACTACTCATCTCTTTGATGGTTTTTTCGCTAACATGGAAAAGTTTTGGGGTTATAATACTCAACTCAGTGACCAGGTACACACTGACTGGTGGTATCGTGACCTTGAAACTTGGGAACACGACACCCTTTTGGGTTTTGGTACCAAAGGCTGGTAA,25,Dehalococcoides mccartyi VS,
8657058VS,MANFHSVINRRDFMKALGLVGAGAGAAAAVAPVFRDLDDVVASPTATFPRAWWIKERDLWNITTEYDWKAMSRHDTCETMWIKHSWAKYVGVDKVKEAAASAAAIKKEALETGKPGMDLRASALGSTSGLYNAPQPYFSYVKTAQGWGGGKSLTGQSTIKGPDVLGVPKWQGDPDSNLRMLRAALRFYGAAQIGVVPYDTNVKNKLTCVREGGMASMSDKYIEKWPIPAVDARPWVFEDVEKGYETAEKLVIPDKKELFVVSVIQPMSREMWRQGSGNLRVATNGHRYSLASVWQTKIQGFLTTLGYQGLGYPTRAYGPMPTIPGFLFSGLGELGRSNNVCLSPEYGSTHGSFHFLTDLPLTPTKPIDAGMWRFCKTCAICAENCPSQSISYDKEPSWEITPSKYAPNVPVEYSVPGKKVFWRDEPSCKQWTESCGYSCGICMGSCVFNVDNASMIHQVVKGTIATTSLFNGFMKQADKFFGYGLTPESEWNNWWDMNLPAYAFDTTVGVTDGGYKSKGLLQQ,ATGGCTAACTTTCATAGTGTAATTAACCGTCGTGATTTTATGAAGGCACTTGGTCTTGTTGGGGCCGGTGCGGGTGCTGCAGCTGCTGTTGCTCCGGTTTTTAGAGACCTAGATGATGTAGTTGCCTCTCCCACGGCAACTTTCCCTCGCGCATGGTGGATCAAAGAGCGTGATCTGTGGAATATTACCACTGAATACGACTGGAAAGCAATGTCCCGTCATGATACCTGTGAAACCATGTGGATAAAGCATTCCTGGGCAAAATATGTGGGTGTTGACAAAGTAAAAGAAGCGGCTGCCAGTGCTGCTGCAATCAAAAAAGAGGCTCTGGAAACTGGTAAACCGGGCATGGACTTGAGAGCTAGTGCTTTGGGCAGTACCTCTGGTTTGTATAATGCTCCCCAACCGTATTTCTCATATGTCAAAACTGCTCAGGGTTGGGGTGGTGGTAAGAGTTTAACCGGTCAATCTACCATAAAAGGGCCCGATGTACTGGGAGTACCCAAGTGGCAGGGTGATCCTGATTCTAACCTCAGGATGCTGCGGGCGGCTTTACGCTTCTATGGCGCTGCCCAGATTGGCGTAGTTCCCTACGATACAAATGTCAAAAATAAATTAACCTGTGTTCGCGAAGGAGGCATGGCCTCTATGAGCGATAAATACATTGAAAAATGGCCTATACCCGCTGTAGATGCCCGTCCTTGGGTGTTCGAAGATGTTGAGAAAGGCTATGAAACTGCTGAAAAGCTGGTGATTCCGGACAAAAAGGAACTTTTTGTGGTTTCGGTTATTCAGCCAATGAGCCGCGAAATGTGGCGACAGGGTAGCGGCAATTTGAGAGTGGCAACTAATGGTCACCGTTATAGTCTGGCATCTGTTTGGCAAACCAAAATTCAAGGCTTCCTGACGACCCTTGGTTATCAGGGTTTGGGTTATCCTACCAGGGCTTATGGACCCATGCCAACTATTCCAGGTTTTCTTTTCTCTGGTTTGGGTGAACTTGGGCGTTCAAATAATGTCTGCTTGAGCCCTGAATATGGTTCAACTCACGGGTCATTCCATTTTCTGACAGATTTGCCATTAACTCCTACCAAGCCTATAGATGCCGGTATGTGGCGGTTCTGCAAGACTTGTGCGATTTGCGCTGAAAACTGTCCTTCGCAGTCTATTTCATATGACAAGGAACCATCATGGGAAATCACTCCTTCCAAGTATGCTCCCAATGTTCCGGTAGAATACAGTGTTCCGGGCAAAAAGGTTTTCTGGCGTGATGAACCATCCTGCAAACAGTGGACTGAGAGCTGTGGTTATTCCTGCGGTATCTGCATGGGTTCCTGCGTGTTCAACGTGGACAATGCCTCCATGATACACCAGGTAGTTAAGGGTACCATTGCTACCACCAGTCTCTTCAATGGCTTTATGAAACAGGCTGACAAGTTCTTTGGTTATGGACTTACACCTGAGTCTGAGTGGAACAATTGGTGGGACATGAATCTGCCGGCCTATGCTTTTGATACTACTGTTGGTGTTACTGATGGTGGATACAAATCCAAAGGCCTGCTGCAGCAATAA,24,Dehalococcoides mccartyi VS,
8657123VS,MDEKINRRDFVKGAGLASAATVATIMATASTVSAEELVHPGGKAMDEMGSASLTRDLPTSFYKRIENKDGYIGTTRVIAPTQRLDAREHGFSQIVRRGSTGDWSGEPGDWGPVLLAAVQEKKKHAAEITPLEAADYTWSNAFQIAMDRWHITLEPGRYQQAPIAATKVELSPEEMTARIKKICRWFGCEQVGICEVTEDMKPFFYSVGRTKGTYTTGHANYVDEGREIPWPYPYKYCIVMADKCDTDTLSAMTGPLVEASAKIACSQSDFAPHYLESIIRSLGHDAKANIFSDTDIMDTPFAVKAGLGELGRSGLVISPWGAQMRIMEVFTNLPLVPDKPIDFGLQEFCKVCKKCADNCPASAISMDDEPSEVDTVVKSIRWFQDGKKCLSQRLAYGCSKCQSVCPWSKPDTLIHEIGRMVGQNPAFAPFLVKLDDFFYNRYPEGHETGEWAPWR,ATGGATGAAAAAATAAACCGTCGTGATTTTGTAAAAGGTGCGGGCCTCGCATCTGCCGCAACCGTTGCTACTATCATGGCAACAGCTTCAACCGTATCCGCTGAGGAGCTGGTTCATCCTGGCGGCAAAGCTATGGATGAAATGGGAAGTGCCTCCCTTACCCGAGACCTGCCGACAAGTTTTTACAAAAGGATTGAAAACAAGGACGGCTATATAGGCACTACCAGGGTTATTGCCCCTACTCAAAGACTTGATGCCCGCGAACATGGTTTTTCCCAGATAGTCAGGCGCGGCTCAACCGGTGACTGGTCAGGTGAACCCGGAGACTGGGGGCCGGTATTGTTGGCCGCTGTTCAGGAAAAAAAGAAACACGCAGCTGAAATTACCCCTCTGGAAGCGGCTGATTATACTTGGAGTAATGCTTTCCAGATTGCTATGGACAGGTGGCATATTACCCTTGAGCCGGGTCGGTATCAGCAGGCACCTATAGCCGCCACTAAGGTTGAGCTTTCTCCCGAAGAAATGACAGCCCGCATAAAGAAAATCTGCCGCTGGTTTGGCTGTGAGCAGGTGGGTATCTGCGAAGTAACTGAAGATATGAAACCTTTCTTCTACAGCGTTGGCAGAACCAAGGGTACTTATACCACCGGACATGCAAATTATGTAGATGAGGGCCGTGAAATACCCTGGCCGTATCCCTACAAATACTGCATTGTCATGGCTGACAAATGTGATACCGATACTCTAAGTGCTATGACCGGACCTCTGGTTGAGGCCAGTGCCAAAATAGCCTGTTCCCAATCGGACTTTGCTCCCCATTATCTGGAATCCATAATCCGCTCACTGGGACATGATGCTAAGGCCAATATCTTTAGCGATACTGATATTATGGATACCCCTTTTGCGGTCAAAGCCGGTCTGGGTGAATTGGGCAGGAGCGGCCTGGTGATTTCACCCTGGGGCGCCCAGATGAGAATCATGGAAGTCTTTACAAACTTGCCGCTGGTTCCGGATAAGCCCATAGATTTTGGTCTTCAGGAATTCTGCAAGGTCTGCAAGAAGTGTGCTGACAATTGTCCTGCCAGTGCTATTTCCATGGATGACGAACCCAGCGAAGTGGATACGGTGGTCAAGTCTATCCGCTGGTTCCAGGATGGCAAAAAATGTTTGTCCCAAAGGTTGGCTTATGGCTGTTCCAAGTGCCAGAGCGTCTGCCCCTGGTCTAAACCTGACACCCTGATTCACGAAATAGGGCGTATGGTAGGCCAGAACCCGGCCTTTGCCCCGTTCCTGGTTAAGCTGGATGATTTCTTCTATAACCGCTATCCCGAAGGGCATGAAACCGGTGAATGGGCTCCCTGGAGATAG,23,Dehalococcoides mccartyi VS,
8658187VS,MGKTKYGKKENSEMASFHSTLSRRDFMKSLEVVGAGLGTMSAAAPVFHDLDEVTSSAIGINKNPWWVKERDFKNPTVPIDWSKVTRQRGVFQGLPRPTVADFEKAGVIGGTSTDLETPEMALTLYDAMAKEFPGWTPGYAGMGDVRTTSLCNASKFMMFGAWPGNMEMGGKRVNVIGAIMAAGGSPTFTPWLGPQLDTTTRPQDFGAPVWQGTPEENLKTCRTAIRFFGGSDVAALELDDDILKFIHSQIGGKDVVVEDVDEAYETATKMVIPRKCKWVLMWSARQSLEGTRRQAGITENFSVWYSYSRFPKVGAQFQEFIRGLGYQALNPGMMGFLANPLAALSGMGEHGRMSSPTLTPKYGTTNRAMWALITDLPLLPTPPIDFGAYKFCKTCGICADSCPFNLIQQGDPTWENPASAKSGIQQGTFEGWRTNTADCPHCPTCQGTCPFNSKPDSFIHAVVKGTVANTPLLNSFFTNMEKAMDYGRKDPEEFWDLDNDFTYGIDTSY,ATGGGAAAGACTAAATATGGTAAAAAGGAAAATAGCGAAATGGCTAGTTTTCATTCCACACTCTCGCGACGTGATTTTATGAAAAGCCTTGAGGTAGTCGGAGCAGGTTTAGGGACTATGAGCGCTGCCGCCCCTGTTTTCCATGATTTGGATGAGGTCACGTCTTCGGCAATCGGTATTAACAAGAACCCGTGGTGGGTCAAGGAAAGAGATTTCAAAAATCCTACTGTTCCTATTGACTGGTCAAAAGTAACCCGTCAGCGGGGTGTATTTCAGGGTTTGCCCAGACCCACTGTAGCTGACTTTGAAAAGGCCGGGGTTATCGGCGGTACTTCTACAGACCTTGAAACCCCCGAAATGGCACTTACTCTTTACGATGCCATGGCCAAGGAATTTCCGGGATGGACTCCCGGTTATGCAGGTATGGGTGATGTCAGGACCACTTCACTCTGCAACGCTTCAAAATTTATGATGTTCGGTGCTTGGCCCGGCAATATGGAAATGGGCGGCAAAAGAGTTAATGTCATCGGTGCTATTATGGCGGCCGGCGGCAGTCCCACCTTTACTCCGTGGTTGGGGCCTCAGTTGGACACCACTACCCGCCCCCAGGATTTTGGCGCTCCCGTCTGGCAGGGTACACCTGAAGAAAACCTGAAAACCTGCCGTACCGCTATCAGGTTTTTTGGAGGCTCGGATGTGGCCGCACTTGAACTTGATGATGATATTTTGAAATTTATTCACTCTCAAATCGGCGGCAAAGATGTAGTCGTTGAAGATGTAGACGAAGCCTATGAAACCGCAACCAAGATGGTTATCCCCCGCAAGTGCAAATGGGTACTGATGTGGAGTGCCAGGCAGTCACTGGAAGGCACCCGCCGTCAGGCCGGCATCACCGAAAACTTCTCTGTCTGGTATTCATATTCCCGTTTCCCCAAGGTCGGTGCTCAGTTCCAGGAGTTTATCCGCGGTTTGGGTTATCAGGCCTTGAATCCGGGTATGATGGGCTTCTTGGCTAACCCTTTGGCAGCCTTATCCGGTATGGGCGAACACGGGCGTATGTCTTCACCCACTCTTACTCCCAAATACGGCACAACCAACCGGGCCATGTGGGCACTGATTACAGACCTGCCCTTGCTGCCTACTCCGCCCATAGACTTTGGTGCCTACAAATTCTGCAAGACCTGCGGTATTTGTGCGGACTCCTGTCCCTTCAATCTGATTCAGCAGGGTGACCCCACCTGGGAAAACCCTGCCTCAGCCAAGTCCGGCATCCAGCAGGGAACATTTGAGGGCTGGCGAACCAATACCGCAGATTGTCCTCACTGCCCCACCTGTCAGGGCACCTGCCCCTTCAACAGCAAACCGGATTCATTTATCCATGCTGTGGTTAAGGGAACAGTTGCCAATACTCCTCTGCTTAATAGCTTTTTTACCAATATGGAAAAAGCTATGGATTACGGGCGGAAAGATCCTGAAGAATTCTGGGATTTGGACAATGACTTTACCTATGGTATTGACACCAGTTACTAA,17,Dehalococcoides mccartyi VS,
8658189VS,VPNFHSALSRRDFMKGLGVVGAGLGTAAAAAPAFRDLDDVISSPNAEWKRPWWVKYRELDNPTTEIDWSLMNRWDGRQTGQAPGIQAKYLGVDEIKKRYANVLTNKVNAITSETPGQTLKDYALSSGAGFFMNLPYVTTFMGPQKVATPQSMNVPAWQGTPEENSRMLRSAVIFYGGGQVGFGVIDQKIKDKLVFTNHKGAANSIGFVENFPPPPALGKAYVFEDVDVGYEGATTFVLPANKQLYEFCFTVPMSKDMFRTANESQIMYAANLSRYRLFGNIQNSIQEFIRSLGYTCYGYASPFSGIMPAIASAQLTGITEGNRNNGFCTSPEYGPVLGVFSLVTDMPLEPTNPIDAGIWRFCQTCTKCADACPVNAIPKDHEPTWDLPNIYGKADIVHSPGRKQYWTNAVDCWLFLTEYNGCGACMATCTFNTNTAPIHELVRATLATTPTLNTFLWQADKFFGYGLNEDKEEWWDLSLPVYGFDSAATSSHGGYDK,GTGCCTAATTTTCATTCCGCGCTGTCACGACGTGACTTTATGAAAGGGCTTGGGGTAGTCGGTGCCGGTCTTGGAACTGCAGCGGCCGCCGCGCCGGCTTTTCGTGATCTGGATGATGTGATATCTTCGCCTAATGCTGAATGGAAACGCCCTTGGTGGGTGAAATACCGTGAGTTGGATAATCCCACTACTGAAATTGACTGGTCATTGATGAATAGATGGGATGGACGCCAGACAGGGCAGGCACCCGGTATCCAGGCTAAGTATTTGGGCGTGGACGAAATAAAGAAACGATATGCCAATGTCCTGACCAATAAAGTAAATGCTATTACCAGTGAAACTCCTGGTCAGACACTGAAGGATTATGCCCTTTCATCCGGTGCAGGCTTTTTTATGAATTTGCCTTATGTGACCACTTTTATGGGTCCCCAGAAGGTGGCTACTCCCCAAAGTATGAATGTGCCTGCCTGGCAGGGTACTCCTGAGGAAAACAGCCGTATGCTGCGTTCAGCGGTAATCTTTTACGGCGGCGGGCAGGTCGGTTTTGGTGTTATAGACCAGAAAATCAAGGATAAACTGGTGTTCACCAACCATAAAGGGGCTGCGAACTCTATAGGTTTCGTGGAAAATTTCCCCCCGCCTCCGGCGCTGGGCAAAGCATATGTATTTGAAGATGTGGATGTAGGTTACGAAGGGGCGACTACTTTTGTTCTGCCGGCCAATAAACAGCTTTATGAATTTTGCTTCACCGTGCCTATGTCCAAAGACATGTTCAGGACAGCAAATGAATCCCAGATAATGTATGCTGCCAATCTGTCGCGTTATCGGCTCTTCGGTAATATCCAGAATTCTATTCAGGAATTTATCCGTTCACTTGGCTATACCTGTTACGGTTATGCCTCACCCTTTTCGGGTATTATGCCTGCTATTGCCAGCGCCCAGCTGACCGGTATTACCGAAGGAAACCGCAACAACGGTTTTTGCACTAGCCCTGAATACGGACCTGTACTTGGGGTGTTCAGTTTGGTGACTGATATGCCTCTTGAGCCTACCAATCCTATAGATGCCGGTATCTGGAGGTTCTGTCAGACCTGTACCAAGTGTGCTGATGCCTGTCCGGTAAACGCCATCCCCAAAGATCATGAACCCACCTGGGACTTGCCAAATATTTATGGCAAGGCGGACATTGTCCATTCCCCCGGCCGCAAGCAGTATTGGACGAATGCTGTTGATTGCTGGCTGTTCCTGACAGAGTACAATGGCTGCGGTGCTTGTATGGCTACCTGCACTTTCAATACAAATACTGCTCCTATCCATGAACTTGTCCGGGCTACTCTGGCTACTACTCCCACCCTGAATACATTCCTGTGGCAGGCGGATAAATTCTTCGGCTACGGTTTGAACGAGGACAAGGAAGAGTGGTGGGATCTGTCTCTGCCGGTTTACGGGTTTGACAGTGCTGCTACATCAAGTCACGGCGGATATGATAAATAA,12,Dehalococcoides mccartyi VS,
8658217VS,MSKFHKTISRRDFMKGLGLAGAGIGAVAASAPVFHDIDELVSSEANSTKDQPWYVKHREHFDPTITVDWDIFDRYDGYQHKGVYEGPPDAPFTSWGNRLQVRMSGEEQKKRILAAKKERFPGWDGGLHGRGDQRADALFYAVTQPFPGSGEEGHGLFQPYPDQPGKFYARWGLYGPPHDSAPPDGSVPKWEGTPEDNFLMLRAAAKYFGAGGVGALNLADPKCKKLIYKKAQPMTLGKGTYSEIGGPGMIDAKIYPKVPDHAVPINFKEADYSYYNDAEWVIPTKCESIFTFTLPQPQELNKRTGGIAGAGSYTVYKDFARVGTLVQMFIKYLGYHALYWPIGWGPGGCFTTFDGQGEQGRTGAAIHWKFGSSQRGSERVITDLPIAPTPPIDAGMFEFCKTCYICRDVCVSGGVHQEDEPTWDSGNWWNVQGYLGYRTDWSGCHNQCGMCQSSCPFTYLGLENASLVHKIVKGVVANTTVFNSFFTNMEKALGYGDLTMENSNWWKEEGPIYGFDPGT,ATGAGTAAATTTCATAAAACGATTAGCCGCCGAGATTTCATGAAAGGACTAGGATTAGCCGGGGCAGGCATAGGCGCTGTTGCGGCGTCAGCTCCGGTTTTTCATGACATTGATGAACTTGTTTCAAGCGAAGCAAATTCTACTAAAGATCAACCTTGGTACGTTAAGCATCGAGAGCATTTTGACCCTACGATTACAGTTGACTGGGATATTTTTGATAGATATGACGGGTATCAGCATAAGGGTGTCTATGAAGGCCCTCCAGATGCTCCCTTTACATCATGGGGCAATAGGCTTCAGGTGAGAATGTCAGGTGAAGAGCAAAAGAAGCGAATTTTGGCCGCTAAAAAAGAGAGGTTCCCTGGTTGGGACGGTGGGTTACACGGGAGAGGGGATCAGCGGGCGGATGCACTATTTTACGCAGTAACTCAACCATTTCCTGGTAGTGGTGAGGAAGGGCACGGACTATTCCAACCTTATCCTGATCAACCCGGTAAGTTTTACGCGAGATGGGGTTTGTATGGTCCGCCACATGATTCAGCGCCACCTGATGGGAGCGTACCAAAATGGGAGGGTACTCCAGAAGACAATTTTCTAATGCTGAGGGCAGCTGCAAAATATTTTGGTGCTGGTGGCGTTGGTGCTCTTAACCTGGCAGATCCCAAATGCAAAAAACTAATATATAAGAAAGCTCAGCCGATGACTCTAGGAAAAGGAACATACAGTGAAATAGGTGGACCAGGAATGATCGATGCAAAAATTTATCCCAAGGTTCCTGACCATGCCGTACCTATTAACTTTAAGGAAGCGGATTATAGCTACTACAATGATGCAGAGTGGGTTATTCCAACAAAGTGTGAATCCATTTTCACTTTCACCCTACCTCAACCACAAGAACTCAATAAGAGGACGGGTGGTATAGCAGGTGCTGGATCATATACTGTATACAAAGATTTCGCTAGGGTAGGCACTTTAGTCCAAATGTTTATTAAGTATCTAGGTTATCACGCTTTATATTGGCCAATTGGATGGGGACCGGGTGGTTGCTTTACCACTTTTGACGGGCAAGGTGAACAGGGTAGAACAGGTGCTGCTATCCATTGGAAGTTTGGTTCTTCACAACGTGGTTCTGAAAGAGTAATAACTGATTTACCGATAGCTCCTACCCCGCCAATTGATGCAGGTATGTTTGAGTTTTGCAAAACCTGTTATATATGCCGTGACGTTTGCGTCTCTGGGGGTGTGCACCAAGAAGACGAACCAACTTGGGATTCAGGTAATTGGTGGAATGTACAAGGATATCTCGGCTACCGAACGGATTGGAGTGGTTGCCATAACCAGTGCGGTATGTGTCAATCCTCCTGCCCTTTTACTTATTTAGGTTTGGAAAATGCTTCATTAGTGCACAAAATAGTAAAAGGTGTTGTTGCTAACACGACTGTTTTTAATAGTTTTTTTACCAATATGGAGAAAGCATTAGGATATGGTGATTTAACCATGGAAAATTCTAACTGGTGGAAAGAAGAAGGACCGATATACGGCTTTGATCCCGGTACTTAG,8,Dehalococcoides mccartyi VS (vcrA),
8658239VS,MSDFHSIVSRRNFVKALGLAGAGIGTVAAAVPVFKDLDEVIASPSAANKRPWWVKDRELYQPTLEVDWDMLTAPDGRVSGQQTETQIHYLGSEEVKRRLSSNIMSPNVEAAINNTPGKTLRDQALGFSSIVPMMIHGISFMGPGLIPTPATTGVPKWEGTPEENSRMVRSVLTFLGAGMVGFGEISSLEKEKVFYTYHKQVPNKRQIFEDVDVGYEDADKYVFPDRKLYKISMSLPMSREMYRTSDRSSLQFAANVSRYRHFSMLQPAFQEFIRGIGYHCYGYPVPQAGPMPAAVSAILTGLAESSRNSGYCISPDYGPVSGFFTFITDLPLEPTTPIDSGIWRFCQTCNKCAQTCPTQVIPYDKEPSWELPSLYGKPDIIHPAGKRMFYANHIECWMYCFEGGCGTCMATCTFNVNGAAMVHDVVKATLSTTPLFNEFLWKADKTFGYGAKSGEEKEDWWDLSLPSMGWDTTSFSKHGGY,ATGTCCGATTTTCATTCAATAGTAAGCCGTCGTAATTTTGTTAAGGCTTTAGGTTTGGCGGGAGCAGGTATTGGTACTGTCGCTGCTGCCGTGCCGGTGTTTAAGGACCTTGATGAGGTAATTGCTTCACCGTCAGCAGCAAACAAAAGACCATGGTGGGTAAAAGATAGAGAATTGTATCAGCCCACTCTTGAGGTAGATTGGGATATGCTGACTGCACCGGATGGTAGAGTTAGCGGACAGCAGACTGAAACACAGATTCACTACCTTGGAAGTGAAGAGGTAAAACGGCGTTTATCATCGAATATAATGTCTCCTAACGTTGAAGCCGCCATCAATAATACCCCTGGGAAAACTTTGCGTGACCAGGCTTTGGGATTCAGTTCCATTGTACCGATGATGATCCATGGTATATCTTTTATGGGCCCTGGCCTTATTCCTACCCCGGCAACAACCGGTGTTCCTAAATGGGAGGGTACTCCAGAGGAAAATAGCCGGATGGTACGTAGTGTTCTTACCTTTCTTGGTGCCGGCATGGTTGGTTTCGGTGAAATTTCCAGTCTGGAGAAGGAAAAAGTATTCTACACTTATCATAAACAAGTTCCTAATAAGAGACAGATATTTGAAGATGTAGATGTTGGTTACGAAGATGCTGATAAATATGTATTCCCTGATAGGAAGCTTTATAAAATATCTATGTCTCTGCCTATGTCCCGGGAAATGTATCGTACTTCCGACAGATCATCATTGCAGTTTGCAGCCAATGTATCCCGCTATCGCCATTTCAGCATGCTTCAGCCGGCTTTTCAGGAGTTTATCAGAGGTATAGGGTATCATTGCTATGGTTATCCTGTACCACAGGCTGGCCCTATGCCTGCAGCAGTGAGTGCTATTCTTACCGGTCTGGCGGAATCAAGCCGTAATAGCGGGTATTGTATCTCTCCGGACTATGGGCCAGTTTCAGGGTTTTTCACATTTATAACTGACTTGCCGTTAGAACCCACCACGCCTATAGATTCCGGTATCTGGCGCTTTTGCCAAACCTGCAATAAATGTGCTCAAACCTGTCCGACTCAGGTAATACCTTATGATAAGGAACCGAGTTGGGAATTGCCCTCATTGTATGGGAAACCGGATATTATCCATCCTGCCGGCAAGCGGATGTTCTACGCAAACCATATAGAGTGTTGGATGTACTGTTTTGAAGGCGGGTGTGGCACCTGTATGGCTACTTGTACTTTTAATGTAAATGGCGCAGCCATGGTACATGATGTGGTTAAGGCCACACTGTCTACCACTCCACTATTTAACGAATTTCTGTGGAAAGCGGATAAGACCTTTGGTTATGGGGCGAAGTCCGGGGAAGAGAAAGAAGACTGGTGGGATTTATCCCTACCATCGATGGGATGGGATACAACTTCTTTTTCAAAACACGGTGGTTATTAA,68,Dehalococcoides mccartyi VS,
8658241VS,MSNFHSTLSRRDFMKALGLAGAGVGAVSAAASVFHDVDELTASSGGVQKLPWWVKERDFKDPSVPIDWQNLPKMEGVFPVQAKPTLTAQERYAMGIPGGSSGTWANPEQAQVLFDYMKKEFPGWEPGYAGLGDNRTTALFMATKFMRMGLWPGEINMGGKRVNVAKAISAAGGTPTFTSFLGLRSSETLRPQDFGVPRWEGTPEENLLTLRQVVRFLGGCDVGAQELDSDVFKLFHEKSGGKQLVIENVDEAAETATKLVIPAKAKYILQWTARQPYESTRRQAGEYEDAAVYYSYQRFPFVGAIIQEFIHAMGYTAVSTHMSGYHSSAIATLTGMGEHCRMSSPILVPKYGTTNRAMWVIITDMPLMSTKPIDFGVYDFCKTCGICADSCPFGLIEKGDPSWEATQPGTRPGFNGWRTNTTTCPHCPVCQGSCPFNTNGDGSFIHDLVRNTVSVTPVFNSFFANMEKTMGYGRKDPRDWWNIDDYTYGINTSY,ATGTCCAATTTTCATTCAACACTTTCCCGAAGAGATTTTATGAAGGCTTTGGGTCTGGCTGGTGCCGGTGTCGGAGCAGTGTCTGCTGCCGCTTCGGTTTTTCATGATGTGGATGAGCTGACTGCTTCTTCCGGCGGAGTACAGAAGCTGCCTTGGTGGGTTAAAGAGCGGGATTTCAAAGATCCTTCAGTGCCCATTGACTGGCAGAATCTGCCCAAGATGGAAGGTGTTTTCCCCGTACAAGCCAAGCCAACCCTGACGGCTCAGGAAAGATATGCCATGGGTATCCCCGGCGGCAGTTCAGGTACTTGGGCCAACCCCGAACAGGCGCAAGTTCTTTTTGATTACATGAAAAAGGAATTTCCGGGCTGGGAACCCGGCTATGCCGGATTGGGTGATAACCGGACAACTGCTCTCTTTATGGCTACCAAATTTATGCGTATGGGCTTGTGGCCCGGTGAAATAAATATGGGTGGCAAAAGGGTTAATGTTGCTAAGGCTATTTCAGCGGCCGGAGGTACGCCTACCTTCACCTCATTCCTGGGTCTCCGCTCCAGTGAAACACTCCGCCCGCAGGATTTTGGTGTACCGCGCTGGGAAGGCACGCCCGAAGAGAACCTGCTTACCCTGCGTCAGGTAGTCCGTTTCCTTGGCGGCTGTGATGTGGGTGCTCAGGAACTGGATTCAGACGTTTTCAAGCTTTTCCATGAGAAAAGCGGCGGAAAACAGCTGGTGATAGAAAATGTAGACGAAGCGGCTGAAACCGCAACCAAGCTGGTCATTCCCGCTAAAGCCAAATACATACTCCAGTGGACTGCCCGCCAGCCATACGAGTCTACCAGACGCCAGGCCGGTGAATATGAAGATGCGGCTGTATACTACTCCTATCAAAGATTCCCCTTTGTCGGGGCTATCATTCAGGAGTTTATCCATGCCATGGGTTATACTGCGGTTTCCACCCATATGTCTGGTTATCATTCTAGTGCCATAGCTACTTTGACCGGTATGGGAGAACATTGCCGTATGTCGTCACCCATCTTGGTTCCCAAATACGGTACTACCAACCGGGCTATGTGGGTAATTATCACCGATATGCCCCTTATGTCCACTAAACCCATAGACTTTGGCGTGTATGACTTCTGCAAGACCTGCGGTATCTGCGCAGACAGCTGTCCGTTCGGCCTTATTGAGAAGGGCGACCCGTCCTGGGAAGCTACCCAGCCCGGTACCCGTCCCGGTTTCAACGGCTGGCGTACCAATACCACTACCTGCCCGCATTGTCCGGTCTGCCAGGGCAGCTGCCCCTTTAATACCAATGGTGACGGTTCATTTATACATGATTTGGTACGTAATACCGTTTCCGTTACTCCTGTTTTCAACAGTTTCTTTGCCAATATGGAGAAAACCATGGGTTACGGACGCAAGGACCCGCGTGATTGGTGGAATATAGATGATTATACCTACGGTATAAATACATCCTACTAA,34,Dehalococcoides mccartyi VS,
8658249VS,MSQFHSTLSRRDFMKALGLAGAGVGAMSAATSVFHDVDELTTAGTVQKQPWWVKECDFKKPTVPIDWQTLPKMDGIFPYQSAPTLTPQERFAMGIPGGAAGTWASPEQSQVLQDYMKKEFPGWEPGYLGMGDNRTTALFMAAHFMRMGMWPGEIQMGGKRINVQAAILKAGGTPFYWSFLGLRSSETLRPQDFGVPRWEGTPEENLQTLRQVVRFFGGNEVGAQELDADIFKFYHKKNLGKDLVIENVDEPEETATKMVIPSSAKYILQWTARQPYESSRRQAGEYEDAAVYWAYQRFPLVTALIQEFIYALGYKVVSTHMTGYHTNPIGTLTGMGEHCRMSSPVLTPKYGTTNRAMWVIITDMPLASTKPVDFGVYEFCKTCGICADSCPFGLIEKGEPSWEATQPGSRPGFNGWRTNTTTCPHCPVCQGACPFNTDGNGSFIHELVRGTVTNTTVFNSFFANMEKTLGYGRKDPRDWWDMEDYSYGINTRY,ATGTCTCAATTTCATAGTACCTTGAGTCGGCGTGATTTTATGAAGGCTTTGGGTTTGGCTGGTGCGGGTGTCGGAGCTATGTCTGCCGCCACATCTGTATTTCATGACGTGGATGAATTAACTACTGCCGGTACAGTACAGAAGCAGCCCTGGTGGGTTAAGGAGTGTGATTTTAAAAAACCGACTGTGCCTATTGACTGGCAGACTTTGCCTAAGATGGATGGAATATTCCCCTACCAATCTGCTCCCACTTTGACTCCCCAGGAAAGGTTTGCTATGGGTATTCCCGGCGGTGCCGCAGGTACTTGGGCCAGCCCCGAGCAGTCGCAGGTGCTTCAAGATTACATGAAGAAAGAATTTCCGGGTTGGGAACCGGGTTATCTCGGTATGGGTGATAACCGAACAACTGCCTTGTTTATGGCTGCTCACTTTATGCGGATGGGTATGTGGCCGGGTGAGATACAAATGGGCGGCAAAAGGATAAATGTTCAGGCTGCAATATTGAAAGCGGGTGGAACGCCTTTTTATTGGTCATTCCTTGGTCTGCGCTCAAGTGAAACACTTCGTCCGCAGGATTTTGGGGTACCGCGCTGGGAAGGGACTCCTGAAGAAAACTTGCAGACCTTGCGTCAGGTTGTCCGTTTCTTTGGTGGTAATGAAGTAGGCGCACAGGAATTGGATGCTGATATATTTAAGTTTTACCATAAAAAGAACCTTGGAAAAGATTTGGTAATCGAAAATGTAGACGAACCTGAAGAAACTGCTACCAAGATGGTAATTCCGTCTTCTGCCAAATACATTCTCCAGTGGACTGCCCGTCAACCGTATGAATCAAGCAGACGGCAGGCCGGTGAATATGAGGATGCTGCAGTTTACTGGGCTTATCAACGATTCCCGCTGGTAACTGCCCTTATTCAGGAGTTTATTTATGCCTTGGGATATAAGGTGGTTTCTACTCACATGACTGGTTATCATACCAATCCAATTGGTACTTTAACTGGTATGGGTGAACACTGCCGTATGTCTTCTCCGGTTTTGACCCCTAAATATGGCACAACTAATCGGGCTATGTGGGTTATTATAACTGATATGCCTTTGGCATCAACCAAACCAGTGGATTTCGGCGTGTACGAATTCTGCAAGACTTGCGGTATATGTGCAGATTCATGTCCCTTTGGGCTTATTGAAAAGGGAGAACCGTCATGGGAAGCCACCCAACCAGGTAGTCGCCCCGGTTTTAACGGTTGGCGTACCAATACCACTACCTGCCCTCACTGTCCTGTCTGTCAGGGCGCCTGCCCTTTCAATACTGATGGTAATGGCTCGTTTATACATGAACTAGTCAGGGGTACTGTTACTAATACCACTGTCTTCAATAGTTTCTTTGCGAATATGGAAAAGACCTTGGGTTATGGCCGCAAAGATCCACGGGATTGGTGGGATATGGAAGATTACAGCTACGGTATAAACACCAGGTACTAA,,Dehalococcoides mccartyi VS,
8658252VS,MAKFHSTLSRRDFMKALGIAGAGMGTAAATSPVFHDLEELAASDGKEAYARPWWVKETDMPTVEMDWSIIKPFNDAYTMDGGDGAAYLIEPDIFKSWQATAKQNLAEKYNKEPGWSIPDRALSDASSKMGFKYIEHCVYAPDFRNDPYFKYSGPSYGPSQTTDGNWIKLQATPEENAKIVRAALRFFGVNQARFFKLDEKMKKLVFTKTEYGTPIVYEDVERGYGTDISFGGDKIVIPKNKELWGISLSIPMSKAMFRQGTGLLRAAANYRRYMEIANVQLAAQVFFNGIGYQLLGYTYTAGGVMAALPAAIFTGMGELGRTNSFIASPENGTICGYFVWLTDLPLAVDKPIDCGTFKFCHTCQKCAEVCPTQCISYDKEPSWDIPRSATFPKQEPRWSSPGKKVFWRDEPGCFKAWKSFPGCGTCMGTCTFNTNTQAIVHDVVKATVSQTSLLNGMFWNADKFFGYGITPVEKRDEWWDHLNPINGYDNTIGSNYKGY,ATGGCAAAATTTCATTCTACACTTTCACGCAGAGACTTCATGAAAGCTCTGGGCATTGCCGGAGCCGGTATGGGTACGGCTGCTGCAACATCACCGGTCTTTCATGACCTGGAGGAGTTAGCTGCCTCAGATGGCAAAGAGGCCTACGCAAGGCCATGGTGGGTCAAAGAAACAGATATGCCTACTGTGGAAATGGATTGGAGTATAATCAAGCCTTTTAATGATGCCTATACTATGGATGGCGGCGACGGCGCTGCATACCTTATAGAGCCGGACATTTTCAAATCATGGCAAGCTACCGCCAAGCAAAACCTAGCAGAGAAGTATAACAAAGAGCCCGGCTGGAGTATCCCCGACCGCGCTTTAAGTGATGCAAGCTCTAAAATGGGTTTTAAATACATCGAACACTGCGTTTATGCGCCAGACTTTAGAAATGATCCGTATTTCAAATATTCCGGTCCTTCCTATGGTCCTAGCCAGACTACAGACGGCAACTGGATCAAATTGCAGGCCACACCTGAAGAAAATGCGAAAATTGTGCGTGCTGCCCTCAGATTCTTCGGTGTGAACCAGGCCCGTTTCTTTAAGCTGGACGAAAAAATGAAGAAGCTGGTTTTCACTAAAACTGAATACGGTACTCCTATAGTTTATGAAGATGTGGAAAGAGGATACGGCACAGATATATCTTTTGGCGGTGATAAAATTGTTATTCCTAAAAATAAGGAATTATGGGGTATTTCTCTCTCTATTCCCATGTCAAAAGCCATGTTCAGACAAGGTACTGGTTTACTACGTGCCGCTGCCAACTACCGGCGCTACATGGAAATTGCCAACGTTCAATTGGCTGCACAGGTGTTCTTTAATGGCATAGGCTACCAGCTCTTGGGTTATACATATACTGCTGGCGGTGTTATGGCTGCCTTGCCCGCAGCAATTTTTACTGGTATGGGTGAACTTGGACGCACTAACAGCTTCATTGCCAGCCCGGAAAATGGCACTATCTGTGGTTATTTCGTCTGGCTTACCGATCTGCCTTTGGCTGTTGATAAACCCATAGACTGCGGCACTTTCAAATTTTGCCATACCTGCCAAAAATGTGCCGAGGTTTGCCCTACCCAATGTATTTCTTATGATAAAGAACCTTCGTGGGATATTCCCCGTTCTGCAACTTTCCCCAAACAAGAGCCCAGATGGTCATCTCCGGGTAAGAAGGTTTTCTGGCGCGATGAACCGGGCTGTTTTAAAGCCTGGAAATCTTTCCCCGGCTGTGGCACATGTATGGGTACCTGCACCTTCAATACCAACACCCAGGCAATTGTTCACGATGTAGTTAAGGCAACCGTTTCACAAACAAGTCTTCTTAATGGGATGTTCTGGAATGCTGATAAATTCTTCGGTTATGGTATTACACCTGTTGAGAAACGTGATGAGTGGTGGGATCATCTCAATCCTATCAATGGCTACGATAATACTATCGGGTCCAATTATAAGGGTTATTAG,61,Dehalococcoides mccartyi VS,
8658254VS,MAKSHSTVSRRDFMKAVGLGAAGVGGAVASAPLFHDLDELLSSEKAVWKRPWYVKEREIDNPTLEVDWKTWSKPFDCKGFLSWKDKPGFSYDQFNTTVENYCKAYWPEWKGYTLRDHAMYEAFQAVRSHLANGLTQGVLPWKPARSPEQLGFSNWQGTPEDNLRMIRAALSLFGMGPVGIMDLKPNSTRNFVYDRTARGIKIIWKEGIEKNYKENDTHYIPVSHRYAIVSYNPEPSELLMRTPHKLAAGAASFSYIRTAQAKAMTEAFLAALGYNCFYAHEYQPAAPFGIFAGIGENARMGQTIVSPDFPYGRTHFVVYTDLPLVPTNPIDAGIPRFCETCGICAESCPVGAISEKNVGMSYDMATPLQRWGEDWNGNIPGYKGWRCDTWKCDGPCQSCRGSCPFNSVADGSFIHGFVKATVSTTPLFNGTFANMEKFMHYGKADKDPESWWEDDASRWTYGTHGSALFTGGN,ATGGCAAAATCTCATTCAACTGTATCCCGCCGCGATTTCATGAAAGCCGTGGGCCTTGGGGCTGCAGGTGTCGGAGGTGCTGTGGCATCCGCCCCACTCTTTCACGACCTCGACGAATTGTTATCCTCGGAAAAAGCTGTCTGGAAGCGCCCCTGGTATGTAAAAGAGCGCGAGATAGACAATCCCACACTAGAGGTGGACTGGAAAACCTGGAGCAAGCCTTTTGATTGCAAGGGCTTCCTTTCCTGGAAAGATAAACCGGGCTTTAGCTATGATCAGTTTAATACCACAGTAGAAAATTACTGTAAAGCTTATTGGCCGGAGTGGAAGGGTTACACCCTTCGGGATCATGCTATGTATGAGGCTTTTCAAGCGGTAAGGTCTCATCTTGCCAACGGTCTCACTCAGGGCGTGCTCCCATGGAAACCGGCTCGAAGCCCGGAACAGCTTGGATTCTCCAATTGGCAGGGCACACCGGAAGATAACCTGCGTATGATACGTGCCGCCCTAAGCCTATTTGGCATGGGTCCTGTGGGTATCATGGATCTCAAACCAAACTCTACCCGCAACTTTGTCTACGACAGAACCGCGCGCGGTATTAAAATTATCTGGAAAGAAGGTATAGAAAAAAACTATAAAGAAAACGACACTCACTACATACCTGTTTCCCACCGCTATGCCATTGTTTCCTACAACCCTGAACCTTCTGAACTACTTATGCGTACGCCTCACAAACTAGCCGCTGGTGCAGCCAGTTTCTCTTATATACGCACAGCACAGGCAAAAGCTATGACAGAGGCTTTCCTTGCTGCTCTGGGCTATAATTGTTTTTATGCTCATGAATACCAGCCTGCCGCTCCCTTCGGTATATTTGCCGGCATAGGCGAAAATGCCCGTATGGGGCAAACTATTGTTAGTCCGGATTTCCCCTATGGCAGGACCCATTTTGTGGTATATACAGATCTGCCGCTTGTACCAACCAATCCCATAGATGCGGGTATACCCCGTTTCTGTGAAACCTGTGGTATATGTGCGGAAAGTTGTCCTGTGGGAGCTATTTCCGAAAAGAACGTAGGTATGAGCTACGACATGGCCACGCCGTTACAGCGTTGGGGTGAAGACTGGAATGGTAACATTCCCGGCTACAAAGGTTGGCGGTGTGATACGTGGAAATGTGATGGCCCCTGTCAGAGCTGTAGAGGCTCATGCCCGTTCAATTCGGTTGCAGATGGCAGTTTCATTCATGGGTTTGTAAAGGCTACCGTTTCTACCACACCGTTGTTCAATGGTACATTTGCCAACATGGAAAAATTCATGCATTACGGCAAGGCAGATAAAGACCCCGAAAGTTGGTGGGAAGATGATGCTAGCCGCTGGACATACGGCACACATGGTAGTGCCCTGTTTACAGGAGGTAATTAG,62,Dehalococcoides mccartyi VS,
8658261VS,MSIFHSTLNRRDFMKALGLTGAGMGTIAASAPVMHDVDELLASAEDTEIKHQNPWWVKERDYFNPTVPIDWDLKWRVDGRNARLYNVQDSKWYFNAYSETQAKIYAEYAENEDPEFKWGDPRRMALEAGCSFAQFGSLTLSSGTYSLHSYLGNPPTKTPETNGYAKWVGTPEENLLLLRGAVRFFGGDDVGVMEHDTHLDRVLCTYDMNGYKNSFEDIDEPYQTQSPKVTGIPNSYKWCFTWTLRQPMDVTRRQQGGIMRAYPNYNKYGEAESVGVWRAYSELAIVENRLQLFLRGLGYRGIAGGMSAITSGNAIATVAGCMEHARMGQVAVHPKFGSTVRGTYKMMTNFPLAPTKPIDAGIYEFCKSCQICAEHCPTGIIQKSDPTWTTGRNPEDGNDNGTFGEPLPYQAQGFEGWRTDIGKCPHCPVCQGTCPFNELPNASWIHTLVKATAANTTLFNSFFAQMDRNFKYGRKPYIGFWDDFGTRPTYDMDTTR,ATGTCTATTTTCCATTCAACCCTAAACAGAAGAGATTTTATGAAAGCACTCGGCTTGACTGGTGCAGGAATGGGTACTATAGCTGCGTCAGCACCGGTAATGCATGATGTTGATGAACTTTTAGCCTCAGCTGAAGATACTGAAATCAAGCACCAGAATCCATGGTGGGTTAAAGAACGTGACTATTTTAACCCAACCGTACCCATTGACTGGGACCTCAAATGGCGGGTTGATGGCAGAAATGCCCGCCTGTACAACGTCCAAGACAGCAAGTGGTACTTTAACGCTTATTCCGAAACCCAAGCAAAAATATATGCGGAGTATGCCGAAAATGAGGACCCAGAATTCAAATGGGGAGATCCGCGCCGCATGGCACTCGAAGCCGGCTGCAGCTTTGCCCAATTTGGCAGTCTTACCCTTAGCAGTGGAACATACAGCCTTCACAGCTATCTGGGCAATCCTCCCACTAAAACGCCCGAAACTAACGGCTATGCAAAGTGGGTGGGTACTCCGGAAGAAAACTTGCTGCTCTTAAGAGGTGCTGTCCGCTTCTTTGGTGGTGATGATGTAGGTGTTATGGAACACGATACCCATCTGGACAGGGTTCTGTGTACCTACGATATGAACGGGTATAAAAATTCTTTCGAAGATATAGATGAACCCTACCAAACTCAGAGCCCCAAGGTAACCGGCATTCCCAACAGCTACAAGTGGTGTTTCACCTGGACATTGAGACAACCTATGGATGTAACCCGCAGGCAACAGGGCGGCATAATGCGGGCTTATCCGAACTACAATAAATACGGTGAAGCTGAAAGCGTAGGCGTCTGGAGAGCTTACTCTGAACTGGCTATTGTAGAAAACCGTCTTCAGCTCTTCTTGCGTGGTCTGGGTTACCGGGGTATTGCTGGCGGTATGAGTGCTATTACTTCAGGCAATGCCATTGCTACAGTTGCCGGGTGTATGGAACATGCCCGAATGGGGCAGGTGGCCGTTCACCCCAAGTTTGGTTCGACTGTACGCGGTACATATAAAATGATGACCAATTTCCCCCTTGCTCCCACCAAACCCATTGACGCAGGTATTTATGAATTTTGTAAGTCCTGCCAGATATGCGCAGAACATTGCCCCACCGGCATTATCCAGAAAAGTGATCCCACATGGACTACCGGACGTAACCCGGAGGATGGCAACGATAATGGCACTTTTGGTGAACCGTTGCCTTACCAAGCGCAAGGATTTGAGGGCTGGCGAACCGATATAGGCAAGTGCCCTCATTGTCCGGTATGCCAAGGTACCTGTCCGTTCAATGAACTGCCAAATGCATCATGGATACATACTCTAGTCAAAGCCACTGCGGCCAATACTACCCTGTTCAATAGCTTCTTCGCTCAGATGGACAGAAACTTCAAGTATGGCCGCAAACCCTACATTGGTTTTTGGGATGATTTTGGCACCAGACCCACTTACGATATGGACACCACTAGATAG,26,Dehalococcoides mccartyi VS,
8658265VS,VSQFHSTLSRRDFMKGLGLASAGLGAAAVSPPVFHDLDEVTSAGKVLRKLPWYVKERDYEDPTFPIDWSQVKKMDQRVTNAQHYSRSTEADAIYAREHKGELLRDYITKMFPNWQPMTTSDGNVALSFGLPGFTTRDFAMGEAVGTTRGGFMSYMYNSIKKTDWVGIQKAKTPEELGIPRWEATPEENLNTLRAFARFIGASDVGVFEWTPNTEKFLLEYDGAGKTYVFEDVDKGYEDSTKFVIPRKAKWVIVWTMAEPTETAIRVPTSHGAASTHACYTRMPTLSIQIQEFLRGLGYNGYSSYQSYNYGLGPSTPHGVMAGVGEHGRMCKVVISPGEGSTLRGMNRLVTDLPLKPTKPIDFGLYRFCKTCKKCAESCVFNALPFGDPSWDADFYQPTGFEGYRIVTRLCVFCMACQAVCPFTELHGSFIHQLVKFTAVNTTLFNGFFRQMDDLFGYGMKNPESWWDQYNEPVDGLHPTY,GTGTCTCAGTTTCACTCAACATTAAGCCGACGCGATTTCATGAAAGGCCTGGGATTGGCGAGTGCTGGACTTGGAGCTGCCGCCGTTTCCCCACCGGTTTTTCATGACCTTGATGAAGTAACCTCAGCTGGGAAAGTTTTACGAAAGCTTCCCTGGTATGTTAAAGAACGGGATTATGAAGATCCAACCTTCCCCATAGACTGGAGCCAGGTTAAGAAAATGGACCAGCGGGTAACTAATGCTCAGCATTACTCGCGCAGCACAGAGGCGGATGCAATTTATGCTCGCGAGCACAAGGGTGAACTCCTCAGAGATTATATAACCAAGATGTTTCCCAACTGGCAGCCCATGACAACTTCTGACGGAAACGTGGCCCTTTCCTTTGGCTTGCCGGGTTTCACCACCAGAGATTTTGCCATGGGTGAAGCGGTAGGCACCACCCGCGGTGGTTTCATGTCTTATATGTACAATTCCATTAAAAAGACAGACTGGGTGGGTATTCAGAAAGCCAAAACCCCGGAGGAACTTGGCATACCCAGATGGGAAGCCACACCAGAAGAAAACTTAAATACCCTACGGGCTTTTGCACGGTTTATAGGTGCAAGCGATGTTGGGGTATTTGAATGGACCCCCAATACCGAAAAATTCCTTCTGGAATATGATGGTGCAGGTAAAACCTATGTATTTGAAGACGTAGATAAAGGCTATGAAGATTCAACTAAGTTTGTTATTCCCCGCAAGGCCAAGTGGGTAATTGTCTGGACCATGGCAGAACCCACCGAAACAGCCATTCGTGTGCCTACCTCGCATGGAGCGGCCTCCACCCATGCCTGTTATACCCGTATGCCTACCTTAAGCATCCAGATACAGGAATTTCTGCGTGGGTTGGGCTATAATGGTTATTCCTCTTACCAGAGCTATAACTACGGCCTTGGGCCTTCTACCCCACACGGGGTGATGGCTGGGGTTGGTGAACATGGCCGAATGTGCAAGGTGGTAATTTCCCCCGGCGAAGGCTCAACCCTGCGGGGCATGAACCGGCTGGTTACCGATCTGCCTCTTAAGCCTACTAAGCCCATAGACTTTGGGTTGTATCGTTTTTGTAAAACCTGCAAGAAATGCGCTGAATCTTGCGTGTTCAACGCCTTGCCTTTTGGAGATCCCTCTTGGGACGCAGATTTTTACCAGCCCACCGGTTTTGAGGGCTATCGCATTGTTACTCGTCTGTGTGTATTTTGTATGGCCTGCCAGGCAGTCTGCCCGTTTACTGAACTACACGGCAGTTTTATTCACCAGTTGGTTAAGTTTACCGCTGTAAATACTACCCTTTTCAATGGTTTCTTCCGCCAGATGGATGATCTGTTTGGTTATGGTATGAAGAACCCGGAGAGTTGGTGGGATCAGTACAACGAACCGGTAGATGGCCTGCACCCTACATACTAG,63,Dehalococcoides mccartyi VS,
8658267VS,MAHFHSTVSRRDFMKALGLVGAGAGALGAASPIFRDLDEVTASVSKDPYARWWVKERDFEDITTPIDWNVFKAYNPATHPTTPSEFGPGGPVLSTARKVRQLDGVVNNWPGSTLRDLALDGATGGNYSGNQKWDGAGGTSPSSRGDGTRSAPGPWQGTPEENLQTCRAAAHFYGSPRCGAIEINEKTKKLFNSNVQWADIDKGTYDDKTDIYTIPNKCRWVLVWLTKQSFKMNQYITRSDPDDPWPNKVFRQGKAGENQAYSHAPQIRYQVNRFITGLGYQCLKPSASGNVQFGVFAGLSEMGRAAMTIEPSYGMMVRYIDFAITDLPLAPTKPIDAGLRRFCHNCGTCAKVCPSGCQSTEKDPYWETRDTYSNAGLQTWYIDWDKCIRWGGPWDCVNCQTSCPFNHPTDAIVHPFVRSTAAVTPLFNGFFASMENSFGYFRQLSADEHEDWWSRDLSSWKYDTLLGFGNPSW,ATGGCACATTTTCATTCAACGGTTTCCAGAAGGGATTTTATGAAGGCACTTGGCCTTGTGGGTGCTGGTGCTGGTGCTCTGGGTGCAGCTTCTCCCATATTTCGTGACCTTGATGAGGTGACTGCTTCGGTATCCAAGGATCCTTATGCCCGCTGGTGGGTAAAAGAACGTGACTTTGAAGACATTACTACCCCTATTGACTGGAATGTTTTTAAAGCCTATAACCCAGCCACCCACCCGACTACTCCTTCGGAATTTGGTCCCGGTGGCCCGGTACTTTCAACCGCGCGCAAAGTACGCCAACTAGATGGTGTAGTCAACAACTGGCCCGGTTCAACCCTGCGCGACCTCGCTCTTGACGGCGCAACCGGCGGCAACTATTCCGGCAATCAGAAGTGGGACGGTGCTGGCGGCACCTCTCCTTCCAGCCGCGGTGATGGCACCCGGTCTGCCCCCGGCCCCTGGCAAGGAACCCCTGAAGAAAATCTGCAAACTTGCAGAGCTGCTGCCCATTTCTATGGTAGCCCGCGTTGCGGCGCCATAGAAATCAACGAAAAAACCAAGAAACTCTTTAACAGCAATGTTCAGTGGGCAGATATTGACAAAGGCACTTACGATGACAAAACCGATATCTACACTATTCCCAATAAGTGCCGCTGGGTGTTGGTCTGGCTTACTAAACAAAGCTTCAAGATGAACCAGTACATCACTCGCTCTGATCCGGACGATCCTTGGCCCAACAAAGTATTCCGTCAGGGTAAGGCTGGTGAAAACCAGGCTTATTCCCACGCCCCTCAGATACGGTATCAGGTAAATCGCTTCATTACCGGTCTTGGTTACCAGTGTCTTAAACCCTCCGCCAGCGGTAATGTTCAGTTTGGTGTCTTTGCCGGCTTGAGCGAAATGGGCCGGGCTGCCATGACTATTGAGCCTTCCTATGGCATGATGGTGCGGTACATAGACTTTGCTATTACTGATCTTCCCCTTGCCCCCACCAAGCCCATAGATGCTGGTCTGCGTCGCTTTTGTCACAACTGCGGCACCTGTGCAAAAGTTTGTCCCAGCGGCTGTCAGAGCACCGAAAAAGATCCGTACTGGGAAACCAGGGATACCTACAGCAATGCCGGCCTTCAGACCTGGTACATAGACTGGGATAAATGTATCCGCTGGGGCGGCCCCTGGGATTGCGTTAACTGCCAGACCTCCTGCCCGTTCAATCATCCTACCGATGCTATTGTTCACCCGTTTGTTCGGTCTACTGCGGCAGTTACTCCCCTGTTCAATGGCTTCTTTGCTAGCATGGAGAATTCCTTTGGCTATTTCCGCCAGCTCTCTGCAGATGAGCATGAGGACTGGTGGAGTCGCGACCTGTCCAGCTGGAAATACGATACACTCCTTGGCTTCGGCAATCCCAGTTGGTAA,,Dehalococcoides mccartyi VS,
8658269VS,MSKFHSTVSRRDFIKVLGFGAGLGTAMAATPVFHDLDELTNIARTNPLNKWWVKENDYEELTTPVDWNIFQAVGYQGRANTVSVKSEVSAKYNEDTRALYQYGIDNKVPGLSLRDMALSFGARGCSPSVPWDGPALTLGNIGNNSTFPGKVTYSPWQGNTEDNLKMCRAALHYYGSPRVGVIEVNEHTKRLFNWGKVIWDSSSVGNIDKSGVQHVPESCRWILVYVVKQEAMQNLFGTGEMEAGGVLNDYAGVTNPNKISNKSLGGASSSRAYAEGPAIQYRIMRFIKALGYQAYDPTATANVPFGVFSGLAEESRSGQSLSPDYGIFLRYMRIVVTDLPLIPTKPINAGLTEFCKVCKRCAEVCPSGGITQADDTSWEGTGPWPVNGGNNRIGFKGWFLNWQTCADMGNPWNCTQCQSACPFNSLTDASVHSIIRATAAITPVFNSFFATMERNFGYGKMRSADEWWDRDLASWKHDSLFGFGTAGW,ATGAGTAAATTTCACTCTACTGTCTCCCGGCGGGACTTCATAAAAGTTCTGGGTTTTGGCGCTGGTTTGGGAACTGCTATGGCTGCAACACCTGTATTTCATGATCTAGATGAACTTACAAATATTGCCCGAACAAACCCGCTCAATAAGTGGTGGGTTAAAGAGAACGATTACGAAGAACTTACCACCCCGGTAGACTGGAATATTTTTCAGGCGGTAGGTTATCAGGGCAGGGCCAATACTGTTTCGGTCAAATCAGAGGTATCTGCCAAATACAATGAAGATACACGGGCGCTCTACCAGTACGGCATAGATAACAAAGTGCCTGGACTTTCGCTGCGGGACATGGCCCTGAGCTTCGGTGCCCGCGGCTGTTCCCCCTCTGTTCCATGGGACGGCCCGGCTCTGACTCTGGGCAATATAGGTAACAACAGCACTTTTCCGGGTAAGGTTACATACTCCCCCTGGCAGGGAAATACGGAAGATAATCTTAAAATGTGCCGGGCGGCACTCCATTATTATGGAAGCCCCAGAGTGGGAGTAATAGAAGTTAATGAGCACACCAAGCGGCTTTTTAATTGGGGCAAAGTCATCTGGGATTCCAGCAGTGTAGGCAATATAGATAAAAGCGGAGTACAGCACGTACCCGAAAGCTGCCGCTGGATACTGGTGTATGTGGTGAAACAGGAAGCTATGCAGAATCTGTTTGGCACCGGAGAAATGGAAGCTGGCGGGGTTCTCAACGATTATGCCGGAGTTACCAACCCTAATAAAATATCAAACAAATCCCTGGGTGGTGCCAGTTCCAGCCGGGCGTATGCCGAGGGCCCAGCCATACAGTACCGGATCATGCGTTTCATAAAGGCGCTTGGCTACCAGGCATATGACCCCACCGCCACTGCCAATGTGCCTTTTGGCGTTTTTTCCGGGCTTGCCGAAGAAAGCCGTTCCGGGCAGAGCCTCTCGCCGGATTACGGCATTTTCCTGCGCTATATGCGGATAGTGGTTACCGATCTGCCTCTTATACCCACCAAACCCATAAACGCCGGTCTGACTGAATTCTGCAAGGTATGCAAGCGCTGTGCCGAGGTTTGTCCCTCCGGGGGTATTACCCAGGCAGATGATACCTCTTGGGAAGGCACAGGTCCTTGGCCAGTAAACGGCGGCAATAACCGCATAGGCTTCAAAGGCTGGTTTCTCAACTGGCAGACCTGCGCAGACATGGGTAATCCCTGGAACTGCACTCAGTGCCAGTCAGCCTGCCCGTTTAACAGCCTGACAGATGCCTCTGTTCATAGCATTATCCGAGCAACCGCTGCTATTACGCCCGTGTTTAATAGCTTCTTTGCTACCATGGAGCGTAACTTTGGCTACGGCAAGATGCGCAGTGCTGACGAATGGTGGGATAGAGATTTGGCCAGCTGGAAGCATGACAGCCTGTTCGGTTTCGGCACAGCCGGCTGGTAA,64,Dehalococcoides mccartyi VS,
8658272VS,MMRRTHSTILSQRLLKRFNFEDMVTNTRIYRDLDELKSSDLAIEKLPWWITHKDFWDFTTEIDWSIQKPFMHTPQNYYQHLTPEQITQYNSRLTEVMEWKKTSKVLGFTHRDYAMKRGADITSLLPNLAGIDENGKSVLYWTGSPKLMDTIPTPEDMGCPKYEGTPEENLRMIKAFLKICGASKVRAVPIDAKFKSVQPKFYAPNVPLVYESVDKPYSTENKRVIPQKMQWAIVFSTQGGNNLTAQGNNWIGSLGAAIYSGGPSDFIQIQAQRFLKILGYNSIVSGISYNLQSWPAMGVASGMGELGRIQISISPFFNCDRAIRCIITDLPVSLSQPIDAGITRFCIKCGICANICPVSAINSNPEPSWDIWSSDPSNPNLKPELFNNPGKKTWYLGHHLCSIFGRDANDSKCGLCMINCTFHKSNNQV,ATGATGAGACGAACCCATAGCACAATTTTATCTCAACGGTTACTTAAGAGATTCAATTTTGAAGATATGGTAACCAACACGAGAATATACAGAGATCTTGATGAATTAAAATCAAGTGATTTGGCAATTGAAAAACTACCATGGTGGATAACGCATAAGGACTTTTGGGATTTTACGACTGAGATCGATTGGTCAATCCAAAAACCTTTCATGCATACTCCTCAGAATTACTACCAGCATTTAACTCCTGAACAAATTACACAATATAATTCTCGCCTTACTGAAGTAATGGAATGGAAAAAGACTTCGAAAGTTTTAGGTTTTACTCATAGGGATTATGCTATGAAACGCGGCGCGGATATTACCTCTTTACTTCCGAATTTAGCTGGCATTGATGAGAATGGTAAAAGTGTACTGTATTGGACTGGATCCCCTAAATTAATGGATACAATCCCAACTCCTGAAGACATGGGTTGCCCAAAATATGAAGGAACGCCGGAAGAAAATCTTCGAATGATAAAAGCTTTTTTAAAGATTTGCGGTGCTTCAAAAGTAAGAGCTGTCCCGATAGATGCAAAATTCAAATCAGTTCAACCAAAATTCTACGCACCAAATGTACCTTTAGTTTATGAATCTGTGGATAAACCTTACAGTACAGAAAATAAACGTGTCATTCCTCAAAAAATGCAATGGGCAATTGTTTTTTCAACACAGGGCGGTAATAATCTCACGGCACAAGGTAATAATTGGATTGGAAGTCTCGGTGCTGCAATTTACAGCGGTGGTCCAAGTGATTTCATACAAATACAAGCCCAACGCTTTTTAAAAATACTAGGATATAATAGCATTGTAAGCGGCATCAGTTATAACCTGCAAAGTTGGCCGGCAATGGGTGTTGCATCAGGTATGGGAGAATTGGGACGTATTCAGATAAGCATATCACCTTTTTTCAACTGCGATCGAGCTATTCGCTGTATTATCACTGATCTTCCAGTATCGCTTTCCCAGCCAATTGATGCCGGTATAACTCGCTTCTGTATCAAATGCGGTATCTGCGCGAATATATGCCCGGTATCAGCAATTAATTCTAATCCTGAACCTTCTTGGGATATTTGGTCAAGCGATCCTTCCAACCCAAATCTTAAGCCAGAGTTGTTTAATAATCCAGGTAAAAAGACATGGTATCTTGGGCACCATCTATGCTCGATTTTTGGGCGTGATGCTAATGATAGCAAATGCGGCCTCTGCATGATTAATTGCACTTTCCATAAAAGTAACAATCAGGTTTAA,65,Dehalococcoides mccartyi VS,
8658274VS,MEELNTKLSRRKFMKGLGVSSAIAAGAVLTSATTVAAAEGGIDPGEKLGAHDAYDGSSIKRVLPANFYKEIETRSGYIGTTKIVDPGNRFDARQHGFAQISACIGSGDFSVEKSSWGPVLQKAFAAKKQFQSEISAELKEDYVWSGALTNSMDAMHYTLRSGNFDSIPISGNKLTLSPEEATAKIKKLAYWIGLERVGICEITEDLKPYFYSKRTTGLKTVGVPAGFKVDGIDVPWPFPYKYCICMADACDYNAGRGLRGPLVEATGKTSCMVSDFPAYQMETIIRSLGYDAKANAICDTATMSEPLAVQAGLGELGRSGLVISPWGGNFRLTECFTNLPLIPDKPIDFGLQEFCKVCKKCAVNCPASAISIDDEPSEVVKASKFIGWNTDSYKCLTERIVHGCSTCQAICPWSKPDTIIHEIGRTIGQNKAFAPFLVKLDDFFYGAKPEGLDVPTWAPWR,ATGGAAGAATTAAATACAAAATTATCTCGCAGAAAATTTATGAAAGGTTTGGGAGTGTCATCAGCTATTGCAGCGGGTGCGGTTTTAACATCTGCTACAACTGTCGCGGCTGCTGAAGGAGGAATTGATCCTGGGGAGAAATTAGGTGCCCATGATGCATATGATGGAAGTTCTATAAAAAGAGTCTTACCAGCGAATTTCTATAAGGAAATCGAGACCCGGTCTGGTTATATTGGGACAACTAAAATAGTTGATCCGGGTAATCGGTTTGATGCAAGGCAACATGGTTTTGCTCAAATATCTGCATGTATAGGCTCTGGTGATTTCTCTGTGGAAAAAAGCTCATGGGGGCCGGTACTCCAAAAGGCTTTTGCGGCAAAGAAACAATTTCAATCTGAAATTTCTGCAGAATTGAAAGAGGATTATGTATGGAGCGGGGCTCTTACAAACTCTATGGATGCTATGCACTATACTCTCCGATCGGGGAATTTTGATTCTATACCGATAAGTGGTAATAAATTAACTTTATCACCTGAAGAAGCAACCGCTAAAATAAAGAAACTTGCTTACTGGATTGGTTTGGAGCGGGTGGGTATATGTGAAATAACTGAAGACTTGAAACCTTACTTTTATTCAAAACGAACGACTGGTTTAAAAACAGTTGGTGTTCCTGCGGGTTTTAAAGTCGATGGTATTGATGTCCCTTGGCCTTTTCCCTATAAATATTGCATTTGTATGGCAGATGCTTGTGATTATAATGCAGGAAGAGGTTTGCGTGGCCCGCTTGTTGAAGCGACTGGTAAAACTTCTTGTATGGTCTCTGATTTCCCTGCATATCAAATGGAGACTATAATCAGGAGTTTAGGTTATGACGCAAAAGCCAACGCAATTTGTGATACGGCTACCATGTCAGAACCGCTCGCAGTACAGGCTGGTTTGGGTGAACTGGGAAGATCTGGATTAGTGATTTCGCCTTGGGGCGGTAATTTTAGATTGACGGAATGTTTTACAAATTTGCCGTTGATTCCTGACAAACCCATCGATTTTGGGCTGCAAGAATTTTGCAAAGTATGTAAGAAATGTGCGGTCAATTGCCCTGCTTCGGCTATTTCAATAGATGATGAGCCGTCAGAAGTAGTCAAGGCATCAAAATTTATTGGGTGGAATACTGATAGTTACAAGTGTCTTACTGAAAGAATAGTACATGGTTGTTCTACTTGCCAGGCTATTTGTCCGTGGTCTAAACCGGATACCATTATACATGAAATAGGGCGTACAATTGGGCAAAATAAAGCCTTTGCACCTTTCCTCGTTAAACTGGATGATTTTTTCTATGGTGCGAAACCGGAAGGCTTAGATGTTCCTACGTGGGCTCCTTGGAGATAA,66,Dehalococcoides mccartyi VS,
