2,AY013365,AAG46192.1,AY013365.1,,Desulfitobacterium hafniense DCB-2,,ATGGAAAACAATGAACAAAGGCAGCAAACAGGCATGAACCGCAGAAGCTTTCTGAAAGTTGGGGCTGCAGCAACTACCATGGGAGTCATCGGAGCGATCAAGGCTCCGGCCAAGGTCGCCAATGCCGCTGAAACAATGAACTATGTCCCGGGACCCACCAATGCACGCTCTAAACTTCGCCCGGTACATGATTTTGCAGGAGCAAAAGTTCGCTTTGTTGAGAACAACGACGAGTGGCTGGGCACTACCAAAATCATTTCCAAGRTAAAAAAGACTTCCGAAGCCGATGCCGGCTTTATGCAAGCGGTCAGAGGTTTATACGGTCCCGATCCCCAAAGAGGTTTCTTCCAATTTATCGCTAAGCATCCTTTTGGAGGAACTATCAGCTGGGCGCGTAACCTCATAGCTGCGGAGGATGTGGTAGATGGTGATGCCGAACCGACGAAGACTCCCATCCCGGACCCGGAGCAAATGTCTCAGCATATCAGAGACTGCTGCTATTTCTTACGGGCGGACGAAGTAGGGATCGGCAAGATGCCGGAGTATGGCTATTATACTCATCATGTTTCCGATACAGTCGGACTCATGAGCAAACCTGTTGAAGAATGTGTGACACCGGTTACCAAAATTTATCCGAACGTCATCGTGGTTATGATCGATCAGGGTATTGAGACCATGTGGGCATCCACAGGATACGACGGTATCAGTGGAGCGATGTCTATGCAAAGTTACTTTACCAGTGGCTGCATTGCCGTCATTATGGCCAAATATATCAGAACCCTTGGTTATAATGCGCGAGCTCATCACGCTAAAAACTACGAGGCCATCATGCCTGTCTGCATCATGGCGGCAGGTCTGGGAGAATTGTCACGTACGGGAGACTGCGCGATCCATCCCCGTTTGGGATACCGCCATAAAGTAGCCGCAGTAACGACCGATTTGCCCCTTGCTCCTGATAAACCCATTGATTTCGGTCTTCTGGACTTCTGCCGGGTATGCAAAAAATGCGCCGACAATTGTCCAAACGACGCGATTACCTTTGATGAAGATCCCGTTGAATATAACGGATACCTGCGTTGGAACAGTGACTTTAAGAAATGCACAGAGTTCCGTACCACCAATGAAGAAGGGTCCTCTTGCGGTACCTGCCTGAAAGTCTGCCCCTGGAACTCCAAGGAAGATTCCTGGTTCCATAAAGCAGGGGTTTGGGTTGGCAGCAAGGGTGAAGCTGCTTCCACCTTCCTTAAATCCATTGATGATATCTTTGGCTATGGTACGGAGACCATTGAAAAATACAAATGGTGGCTGGAGTGGCCTGAAAAGTATCCATTGAAACCCATGTAA,MENNEQRQQTGMNRRSFLKVGAAATTMGVIGAIKAPAKVANAAETMNYVPGPTNARSKLRPVHDFAGAKVRFVENNDEWLGTTKIISKXKKTSEADAGFMQAVRGLYGPDPQRGFFQFIAKHPFGGTISWARNLIAAEDVVDGDAEPTKTPIPDPEQMSQHIRDCCYFLRADEVGIGKMPEYGYYTHHVSDTVGLMSKPVEECVTPVTKIYPNVIVVMIDQGIETMWASTGYDGISGAMSMQSYFTSGCIAVIMAKYIRTLGYNARAHHAKNYEAIMPVCIMAAGLGELSRTGDCAIHPRLGYRHKVAAVTTDLPLAPDKPIDFGLLDFCRVCKKCADNCPNDAITFDEDPVEYNGYLRWNSDFKKCTEFRTTNEEGSSCGTCLKVCPWNSKEDSWFHKAGVWVGSKGEAASTFLKSIDDIFGYGTETIEKYKWWLEWPEKYPLKPM,
4,AY013362,AAG46189.1,AY013362.1,23479749,Desulfitobacterium hafniense TCE-1,,ATGAACCGTCGCAAATTTCTCAAAGCCGGAGTTGCTTCGGCACTGACCGCTGGAATGGTCGGGGCGATGAGAACTCTGCCGGTAAGTGCCGCCGAGGCGGTGGCAAGCACAGGTTCATCCGGTTCAGTTAACGGTGCCCGCTCGAAGCTTCATCCCAAAGTGGATTATGGCGGTGCCAGTGTGCGCTTTGTGGAAAATAATGATCAGTGGCTGGGGACAAGCCAGATTGTCGGTACAGTAAACCGTACCCATGAAGCGGAGCAGGGCTTTAACCTGGCTTTGCGCGGCAAGCTTTCTTCTGAAGCACAGGTTGCCATGTACCATTATAATTTTGTCATGAAGCATCCTTTCGATGGAGCGCTGGGTATTTTCTCCAATTACGTTTCGGCAGAAAATATAGTGGGAGGAACCCCGAACCAGGAGAAACTGCCCATACCTGACCCGGAACAGATGTCCCAGAATATCAAGGATACGGCTTACTTTCTGCGGGCCGATGAAGTAGGAATCGGCAAAATGCCGGAATATGCCTACTATTCCCACAAAGCGCCTTTTTCCCATGAAGAACTGATCAGAGACGATATTTCCCATTCCACTCCGGTAACGGAGAAGCTTCCCTATGTCATTGTTGTGACGGTTGACCAGCATCTGGAAACTATGCTGGCATCTACCGGCTATGATGGGATAAGTTCCACCCAGTCCATGCGCGGCTATCATGCCACAGCCGTCATTTCCGTCATTCTTGCCCAGTATATCCGCAATCTGGGCTATAATGCCAGAGCGCACCATTTTGCCAACTATGCTGCTGCGATGCCCCCGGTCACCATAGCGGCGGGCCTGGGAGAATTGTCCCGGACCGGGGATTGCACGGTTCATCCGCGCCTGGGCTACCGCCACAAAGTAGCSGCAGTTACCACGGATTTACCCCTTCTC,"MNRRKFLKAGVASALTAGMVGAMRTLPVSAAEAVASTGSSGSVNGARSKLHPKVDYGGASVRFVENNDQW
LGTSQIVGTVNRTHEAEQGFNLALRGKLSSEAQVAMYHYNFVMKHPFDGALGIFSNYVSAENIVGGTPNQ
EKLPIPDPEQMSQNIKDTAYFLRADEVGIGKMPEYAYYSHKAPFSHEELIRDDISHSTPVTEKLPYVIVV
TVDQHLETMLASTGYDGISSTQSMRGYHATAVISVILAQYIRNLGYNARAHHFANYAAAMPPVTIAAGLG
ELSRTGDCTVHPRLGYRHKVAAVTTDLPLL",
5,D339-WL,,,24312087,WL consortium,,GATTAGGTTTGGCAGGAGCCGGTGCGGGGGCACTGGGTGCCGCAGTACTTGCAGAGAATAACCTGCCGCATGAGTTTAAAGATGTTGATGACCTGCTGTCAGCAGGTAAAGCTTTAGAGGGTGACCACGCTAATAAAGTAAACAATCATCCATGGTGGGTTACCACGCGTGATCATGAGGATCCAACCTGTAATATAGATTGGAGCCTTATAAAAAGATACAGCGGTTGGAACAACCAGGGAGCATACTTCTTACCTGAGGATTACCTGTCTCCAACCTATACAGGTAGAAGACATATCATTGTTGATTCAGTTCTAGAAATAGAATTACAGGGTAAAAAATACCGTGATAGTGCCTATATAAAAGCAGGCATAGACTGGATGAAGGAAAATATTGATCCAGATTATGACCCTGGTGAACTGGGCTATGGCGACCGCAGGGAAGATGCCCTAATATATGCCGCCACGAATGGCTCACATAATTGCTGGGAGAACCCGCTTTATGGACGCTATGAAGGTTCTAGGCCTTATCTCTCTATGCGAACCATGAATGGAATAAACGGCTTGCATCAATTTGGTCACGCAGATATCAAAACCACCAACTACCCGAAGTGGGAGGGTACGCCTGAAGAGAACCTGTTAATCATGCGCACCGCCGCGCGCTACTTCGGGGCTTCTTCCGTTGGCGCCATTAAGATAACGGATAACGTGAAGAAAATCTTCTATACCAAAGCCCAGCCCTTTATCATCGGGCCTTGGTATACGATTACAAATATGGCTGAATACATTGAATATCAGGTCCCAGTAGATAATTATGCTATACCCATTGTGTTTGAAGATATCCCTGCAGACGAGGGGCATTACAGCTACAAACGCTTTGGCGGTGATGATAAGATAGCAGTACCCAATGCACTGGATAACATCTTCACCTATACCATCATGCTCCCTGAGAAGCGCTTTAAATATGCACACTCTATACCTATGGACCCATGCTCTTGTATTGCCTATCCCCTCTTTTCAGAGATTGAGGCACGCATTCAGCAATTCATTGCAGGCCTTGGCTATAACTCGATGGGTGGTGGAGTTGAAGCTTGGGGTCCGGGCGGTGCCTTCGGCAACTTAAGTGGCCTTGGGGAACAAGGACGCGTATCAAGCACTATTGAGCCCCGCTACGGTTCCAACACCAAGGGTTCCCTAAGGATGCTTACCGACCTGCCTCTTGCCCCCACCAAGCCTATAGATGCCGGTATCCGCGAGTTCTGTAAGACCTGCGGCATCTGTGCCGAGCATTGTCCTACCCAAGCTATCTCGCATGAAGGGCCGCGCTATGACTCACCACACTGGGATTGCGTAAGCGGTTATGAGGGCTGGCACCTTGACTATCACAAATGCACTAACTGTACCAACTGCGACGCCGTCTGCCC,LGLAGAGAGALGAAVLAENNLPHEFKDVDDLLSAGKALEGDHANKVNNHPWWVTTRDHEDPTCNIDWSLIKRYSGWNNQGAYFLPEDYLSPTYTGRRHIIVDSVLEIELQGKKYRDSAYIKAGIDWMKENIDPDYDPGELGYGDRREDALIYAATNGSHNCWENPLYGRYEGSRPYLSMRTMNGINGLHQFGHADIKTTNYPKWEGTPEENLLIMRTAARYFGASSVGAIKITDNVKKIFYTKAQPFIIGPWYTITNMAEYIEYQVPVDNYAIPIVFEDIPADEGHYSYKRFGGDDKIAVPNALDNIFTYTIMLPEKRFKYAHSIPMDPCSCIAYPLFSEIEARIQQFIAGLGYNSMGGGVEAWGPGGAFGNLSGLGEQGRVSSTIEPRYGSNTKGSLRMLTDLPLAPTKPIDAGIREFCKTCGICAEHCPTQAISHEGPRYDSPHWDCVSGYEGWHLDYHKCTNCTNCDAVC,
9,Dhaf_0696,ACL18760.1,DHAF_RS03530,"22316246, 9781670, 24814779",Desulfitobacterium hafniense DCB-2,,GTGAAGATGAATTTAGACAGGAGATCTTTTCTTAAAGCATCTCTGGTGAGCGTCGCGGCTGTTGCCGCTGCTTCGGCTGCGGCGGCCAAGGAAACCTTTGCCCCATTGACAGCTGAGGCCGCGGAGATAATCGCGCCGATCAGGGAGACCGCGGAATTTCCTTACCAAGTCGATCCCAAATACCAACGCCTGCCGGCGGAAAAGCTTGCCTACCTAAGAATGTTTGATCCGGAAGAGAACAAAGGCCCGATCAAGTTTCATTTTGACGATGTTTCCAAGATCACCGGTAAGAAGGATACGGGCAAGGACCTGCCCCTGCTTAACGCCGAATCTCTCGGCATTAAAGGGCGTCCGGCGACCCTTAGTGAAACAGGAGCCATTTTCTTCTCCCATCATGACGGCAGCGTCTTACCCCTGCGCGAAAAGGAAATGGGGTGGCGCGCCCTGGATATGGCCCTGGTGGTAGCGTCCTGGTCGGTGGAATATCACTACAACGGATTTACCGCCCCCGGCAGCGGTCCGGGCGGGGTGATTGCCCATTATCCGTTCAATCCCATGACCAATGAAACGGGAACGGAACCGGTGTTTCTGGCGGGAATGTATAGCTGGGATAATACCAAAGCCCGGGAAAGGCGGGAGCAAGGACGGCAATGGAAGTTCGAGTCGGTGGAAGAGGCCAGCCGGATTGTGAAAAAAGCCGCCCGCTTTTTGGGAGCGGATATGGCCGGCATTGCCCCTTATGACGATCGCTGGACGTTTTCAACCTGGTGCAGACCAAATCTGAAACCCTTTAAACTGCCTAATGGCAGAACGGAGTATTTTCCGACTGATCCTTTCAAACTGATGAAAGGAGAGGTGGAAGTTTACGGATCGACATCTGTGGAAGCGGATTGGGAAAAATATGCCGGCTTCACGCCCAAATCCGTCATTGCCATGACCTTCGAGATGGATTACGAAGCCTACCGCACAGCGCCGTCCGTTCTGCAAGGCGCGGCACCGGGCAAGTCCTACTCGAACATGGGAGAAGTGGCCTATAAGGTTGCCTCTTTTTTGAGAGAGATTGGCTACAATGCCGTTCCTTCTGGAAATGACACCGGGATGAGCGTGCCCATTGCCGTTCAGGCCGGTCTCGGCGAGGCCGGAAGATCAGGGCAGCTCATCACGCAAAAGTACGGGCCCAGAGTGCGGATCGCCAAAGTTTATACCGATTTGGAACTTGTTCCGGACAAGCCGATCAACATCGGCGCCCGGGAGTTCTGCCGCCTCTGCCTGAAATGTGCGGACGTCTGCCCGGCTCAGGCGATCTCCCATGTGAAAGACCCCTGGGTTTTGCAGCCTGAAGATTGCACCCCTTCGGAAAATCCCTATACGGAAAAATGGCAATTCGACTCCCAGCGCTGCCTCTCTTTCTTCGCTTATAACGGCGGGGACTGCGGGAGCTGTATCGCGGTCTGCTCCTGGAACAAAATCGATGCCTGGCAGCATGATGTGGCCAGAATTGCCACCCAAATTCCCTTGGTTCAAGATGCGGCCCGTAAGTTCGATGAGTGGTTTGGTTACAATGGCCCGGTTAATCCTGAAGAACGGATCGAATCCGGCTACATTGCCAACATGGTCAAAGATTTCTGGAAAGACACCGAGCCCACAAAGTAA,"MKMNLDRRSFLKASLVSVAAVAAASAAAAKETFAPLTAEAAEIIAPIRETAEFPYQVDPKYQRLPAEKLAYLRMFDPEENKGPIKFHFDDVSKITGKKDTGKDLPLLNAESLGIKGRPATLSETGAIFFSHHDGSVLPLREKEMGWRALDMALVVASVEYHYNGFTAPGSGPGGVIAHYPFNPMTNETGTEPVFLAGMYSWDNTKARERREQGRQWKFESVEEASRIVKKAARFLGADMAGIAPYDDRWTFSTWCRPNLKPFKLPNGRTEYFPTDPFKLMKGEVEVYGSTSVEADWEKYAGFTPKSVIAMTFEMDYEAYRTAPSVLQGAAPGKSYSNMGEVAYKVASF
LREIGYNAVPSGNDTGMSVPIAVQAGLGEAGRSGQLITQKYGPRVRIAKVYTDLELVPDKPINIGAREFC
RLCLKCADVCPAQAISHVKDPWVLQPEDCTPSENPYTEKWQFDSQRCLSFFAYNGGDCGSCIAVCSWNKI
DAWQHDVARIATQIPLVQDAARKFDEWFGYNGPVNPEERIESGYIANMVKDFWKDTEPTK",
12,8658189VS,ACZ62364.1,DhcVS_1263,19893622,Dehalococcoides mccartyi VS,,GTGCCTAATTTTCATTCCGCGCTGTCACGACGTGACTTTATGAAAGGGCTTGGGGTAGTCGGTGCCGGTCTTGGAACTGCAGCGGCCGCCGCGCCGGCTTTTCGTGATCTGGATGATGTGATATCTTCGCCTAATGCTGAATGGAAACGCCCTTGGTGGGTGAAATACCGTGAGTTGGATAATCCCACTACTGAAATTGACTGGTCATTGATGAATAGATGGGATGGACGCCAGACAGGGCAGGCACCCGGTATCCAGGCTAAGTATTTGGGCGTGGACGAAATAAAGAAACGATATGCCAATGTCCTGACCAATAAAGTAAATGCTATTACCAGTGAAACTCCTGGTCAGACACTGAAGGATTATGCCCTTTCATCCGGTGCAGGCTTTTTTATGAATTTGCCTTATGTGACCACTTTTATGGGTCCCCAGAAGGTGGCTACTCCCCAAAGTATGAATGTGCCTGCCTGGCAGGGTACTCCTGAGGAAAACAGCCGTATGCTGCGTTCAGCGGTAATCTTTTACGGCGGCGGGCAGGTCGGTTTTGGTGTTATAGACCAGAAAATCAAGGATAAACTGGTGTTCACCAACCATAAAGGGGCTGCGAACTCTATAGGTTTCGTGGAAAATTTCCCCCCGCCTCCGGCGCTGGGCAAAGCATATGTATTTGAAGATGTGGATGTAGGTTACGAAGGGGCGACTACTTTTGTTCTGCCGGCCAATAAACAGCTTTATGAATTTTGCTTCACCGTGCCTATGTCCAAAGACATGTTCAGGACAGCAAATGAATCCCAGATAATGTATGCTGCCAATCTGTCGCGTTATCGGCTCTTCGGTAATATCCAGAATTCTATTCAGGAATTTATCCGTTCACTTGGCTATACCTGTTACGGTTATGCCTCACCCTTTTCGGGTATTATGCCTGCTATTGCCAGCGCCCAGCTGACCGGTATTACCGAAGGAAACCGCAACAACGGTTTTTGCACTAGCCCTGAATACGGACCTGTACTTGGGGTGTTCAGTTTGGTGACTGATATGCCTCTTGAGCCTACCAATCCTATAGATGCCGGTATCTGGAGGTTCTGTCAGACCTGTACCAAGTGTGCTGATGCCTGTCCGGTAAACGCCATCCCCAAAGATCATGAACCCACCTGGGACTTGCCAAATATTTATGGCAAGGCGGACATTGTCCATTCCCCCGGCCGCAAGCAGTATTGGACGAATGCTGTTGATTGCTGGCTGTTCCTGACAGAGTACAATGGCTGCGGTGCTTGTATGGCTACCTGCACTTTCAATACAAATACTGCTCCTATCCATGAACTTGTCCGGGCTACTCTGGCTACTACTCCCACCCTGAATACATTCCTGTGGCAGGCGGATAAATTCTTCGGCTACGGTTTGAACGAGGACAAGGAAGAGTGGTGGGATCTGTCTCTGCCGGTTTACGGGTTTGACAGTGCTGCTACATCAAGTCACGGCGGATATGATAAATAA,"MPNFHSALSRRDFMKGLGVVGAGLGTAAAAAPAFRDLDDVISSPNAEWKRPWWVKYRELDNPTTEIDWSLMNRWDGRQTGQAPGIQAKYLGVDEIKKRYANVLTNKVNAITSETPGQTLKDYALSSGAGFFMNLPYVTTFMGPQKVATPQSMNVPAWQGTPEENSRMLRSAVIFYGGGQVGFGVIDQKIKDKLVFTNHKGAANSIGFVENFPPPPALGKAYVFEDVDVGYEGATTFVLPANKQLYEFCFTVPMSKDMFRTANESQIMYAANLSRYRLFGNIQNSIQEFIRSLGYTCYGYASPFSGIMPAIASAQLTGITEGNRNNGFCTSPEYGPVLGVFSLVTDMPLEPTNPIDAGIWRFCQTCTKCADACPVNAIPKDHEPTWDLPNIYGKADIVHSPGRKQYWTNAVDCWLFLTEYNGCGACMATCTFNTNTAPIHELVRATLATTPTLNTFLWQADKFFGYGLNEDKEEWWDLSLPVYGFDSAATS
SHGGYDK",
33,KBVC1_B1775_06565,AQX73800.1,B1775_RS06565,30104577,Dehalococcoides mccartyi KBVC1,,GTGAATATATCTCATTCAACATTATCTAGGCGTGACTTTATGAAAGGCCTTGGTCTGGCCGGAGCCGGACTGGGTGCGGTTGCCGCATCAGCACCGGTATTTCATGACGTGGATGAATTAACGTCCTTGGGTTCAAATGTTAATAAATATCCGTGGTATGTTAAAGAGAGGGATTTTAAAAATCCCACAGTAGAAATTGATTGGGATACTCTGGAACGCCCTAATGCCAACAATTTCAAATCTCACCCCAGACCTAGTGCCGCTGATTTTACAGCAGCAGGCGTGGTTGGCGGCAATATGACAGACCTGGAAACCCCTGCCGAAGCATTAGCGCTTTATGATTATTGTGAAAAAGAATTTCCCGGCTGGGACAAGGGTTATGCCGGTGCAGGCGATATCCGTTCTACTGCGCTTGATAATGCTTGTAAATTTATGATGATGGGGCAATGGCCTGCCGAAATATATCAGGGCGGCAAACGCATAAACGTGCGCAATGCTATATTAGCAGCCGGTGGTACCGCCACTTTCAGCTCATTTTTAGGCCCTCAGGCTGCCACTACCATTCGTCCTCAGGACTTTGGTGCTGCTAAATGGCAGGGTACACCGGAGGAGAACTTTAAAACTCTGCGTAATGCCTTCCGTTTCTTAGGCTGTCAGGATGTTGGTTGTGCCGAAATTGACAACGATACTGTTAAATTCTTCCACAAAATAAAGGGCGCCGGCAGCGGCTTCAATACCGGGGAAGCAGGCGGCAAACAGATTGCATTTAAGGATATAGATGAAGCCTATGAAACGGCAGATGAGTATGCCATACCTAACAAATGCAAATATATTATTACTTTTACTGCCCGCCAAAGCTTTGAGGGTACCCGCCGTCAAGCCGGTATTACCGAGAGTTTTTCTGTTTGGTACTGTTACGCCCGTTATGTCAAGATGATCTGCCACATGCAGGAATTTATCCGCGGTTTGGGCTACCAGTGCTTGAATATGAGCGGCTTGTACTTTTCAAATCCCTTATCGGTTATTACCGGTCTCGGCGAACATGGGAGGATGTCTTCCCCTGCCATTCACCCCAAGAATGGCACTACCAATAGGGCTAATGGCTGGGCACTTTTAACAGATTTGCCTGTAGCACCCACTAACCCCATTGATTTTGGGGCATACAAATTCTGTGAGACCTGCGGTATTTGTGCTGATGCCTGTCCGTTTGGTCTTATCCAGAAGGGTGAGTCAACTTGGGAGAACCCTGCTGCGGCTAAAAATGGATTGGCACAAGGCCAGTTTAAGGGTTGGCGGACCAATAATACAGATTGTCCCCACTGCCCCACTTGTCAGGGTACCTGCCCCTTTAACTCTACCTCGCAATCTTTTATCCATGATATGGTAAAAGCTACTACTACCAATCTTCCCATGTTTAACGGGTTCTTTGCCAACATGGAAAGGTTTATGGAATATGGCCGTAAACCGCAGTGGGAGTTCTGGGATATAGAACAACCCACCTATGGTTTTGATACCACGGCCTAG,"MNISHSTLSRRDFMKGLGLAGAGLGAVAASAPVFHDVDELTSLGSNVNKYPWYVKERDFKNPTVEIDWDTLERPNANNFKSHPRPSAADFTAAGVVGGNMTDLETPAEALALYDYCEKEFPGWDKGYAGAGDIRSTALDNACKFMMMGQWPAEIYQGGKRINVRNAILAAGGTATFSSFLGPQAATTIRPQDFGAAKWQGTPEENFKTLRNAFRFLGCQDVGCAEIDNDTVKFFHKIKGAGSGFNTGEAGGKQIAFKDIDEAYETADEYAIPNKCKYIITFTARQSFEGTRRQAGITESFSVWYCYARYVKMICHMQEFIRGLGYQCLNMSGLYFSNPLSVITGLGEHGR
MSSPAIHPKNGTTNRANGWALLTDLPVAPTNPIDFGAYKFCETCGICADACPFGLIQKGESTWENPAAAK
NGLAQGQFKGWRTNNTDCPHCPTCQGTCPFNSTSQSFIHDMVKATTTNLPMFNGFFANMERFMEYGRKPQ
WEFWDIEQPTYGFDTTA",
33,cbdbA1570,CAI83594.1,cbdbA1570,16116419,Dehalococcoides mccartyi CBDB1,,GTGAATATATCTCATTCAACATTATCTAGGCGTGACTTTATGAAAGGCCTTGGTCTGGCCGGAGCCGGACTGGGTGCGGTTGCCGCATCAGCACCGGTATTTCATGACGTGGATGAATTAACGTCCTTGGGTTCAAATGTTAATAAATATCCGTGGTATGTTAAAGAGAGGGATTTTAAAAATCCCACAGTAGAAATTGATTGGGATACTCTGGAACGCCCTAATGCCAACAATTTCAAATCTCACCCCAGACCTAGTGCCGCTGATTTTACAGCAGCAGGCGTGGTTGGCGGCAATATGACAGACCTGGAAACCCCTGCCGAAGCATTAGCGCTTTATGATTATTGTGAAAAAGAATTTCCCGGCTGGGACAAGGGTTATGCCGGTGCAGGCGATATCCGTTCTACTGCGCTTGATAATGCTTGTAAATTTATGATGATGGGGCAATGGCCTGCCGAAATATATCAGGGCGGCAAACGCATAAACGTGCGCAATGCTATATTAGCAGCCGGTGGTACCGCCACTTTCAGCTCATTTTTAGGCCCTCAGGCTGCCACTACCATTCGTCCTCAGGACTTTGGTGCTGCTAAATGGCAGGGTACACCGGAGGAGAACTTTAAAACTCTGCGTAATGCCTTCCGTTTCTTAGGCTGTCAGGATGTTGGTTGTGCCGAAATTGACAACGATACTGTTAAATTCTTCCACAAAATAAAGGGCGCCGGCAGCGGCTTCAATACCGGGGAAGCAGGCGGCAAACAGATTGCATTTAAGGATATAGATGAAGCCTATGAAACGGCAGATGAGTATGCCATACCTAACAAATGCAAATATATTATTACTTTTACTGCCCGCCAAAGCTTTGAGGGTACCCGCCGTCAAGCCGGTATTACCGAGAGTTTTTCTGTTTGGTACTGTTACGCCCGTTATGTCAAGATGATCTGCCACATGCAGGAATTTATCCGCGGTTTGGGCTACCAGTGCTTGAATATGAGCGGCTTGTACTTTTCAAATCCCTTATCGGTTATTACCGGTCTCGGCGAACATGGGAGGATGTCTTCCCCTGCCATTCACCCCAAGAATGGCACTACCAATAGGGCTAATGGCTGGGCACTTTTAACAGATTTGCCTGTAGCACCCACTAACCCCATTGATTTTGGGGCATACAAATTCTGTGAGACCTGCGGTATTTGTGCTGATGCCTGTCCGTTTGGTCTTATCCAGAAGGGTGAGTCAACTTGGGAGAACCCTGCTGCGGCTAAAAATGGATTGGCACAAGGCCAGTTTAAGGGTTGGCGGACCAATAATACAGATTGTCCCCACTGCCCCACTTGTCAGGGTACCTGCCCCTTTAACTCTACCTCGCAATCTTTTATCCATGATATGGTAAAAGCTACTACTACCAATCTTCCCATGTTTAACGGGTTCTTTGCCAACATGGAAAGGTTTATGGAATATGGCCGTAAACCGCAGTGGGAGTTCTGGGATATAGAACAACCCACCTATGGTTTTGATACCACGGCCTAG,"MNISHSTLSRRDFMKGLGLAGAGLGAVAASAPVFHDVDELTSLGSNVNKYPWYVKERDFKNPTVEIDWDTLERPNANNFKSHPRPSAADFTAAGVVGGNMTDLETPAEALALYDYCEKEFPGWDKGYAGAGDIRSTALDNACKFMMMGQWPAEIYQGGKRINVRNAILAAGGTATFSSFLGPQAATTIRPQDFGAAKWQGTPEENFKTLRNAFRFLGCQDVGCAEIDNDTVKFFHKIKGAGSGFNTGEAGGKQIAFKDIDEAYETADEYAIPNKCKYIITFTARQSFEGTRRQAGITESFSVWYCYARYVKMICHMQEFIRGLGYQCLNMSGLYFSNPLSVITGLGEHGRMSSPAIHPKNGTTNRANGWALLTDLPVAPTNPIDFGAYKFCETCGICADACPFGLIQKGESTWENPAAAKNGLAQGQFKGWRTNNTDCPHCPTCQGTCPFNSTSQSFIHDMVKATTTNLPMFNGFFANMERFMEYGRKPQ
WEFWDIEQPTYGFDTTA",
34,KBTCE1_B1772_06915,AQY73775.1,B1772_RS06915,30104577,Dehalococcoides mccartyi KBTCE1,,GTGAAAACTTTTCATTCAACACTTTCCCGAAGAGATTTTATGAAGGCTTTGGGTTTGGCTGGTGCCGGAGTCGGAGCAGTGTCGGCTGCCGCCCCGGTTTTTCATGATGTGGATGAGCTGACTGCTTCTTCCGGCGGTGTACAGAAGCTGCCGTGGTGGGTTAAAGAGAGGGAGTTCAAAGATCCTTCAGTACCCATTGACTGGCAGAATCTGCCCAAGATGGAGGGTACTTTCCCCTACCAGGCCAGACCAACCCTGTCGGCTCAGGAAAGATATGCTATGGGCATTCCCGGCGGCAGTTCGGGTACCTGGGCCAGCCCTGAGCAGGCGCAAGTACTTTTTGATTACATGAAAAAGGAATTTCCGGGATGGGAACCCGGTTATGCCGGTCTGGGAGACAACCGGACAACCGCTCTCTTCATGGCCACCAAATTTATGCGTATGGGCATGTGGCCCGGCGAAATAAACATGGGCGGCAACAGGGTTAATGTTATGCAGGCCATACTAAAGGCCGGAGGCACTGCCACTTTCCCCTCCTTCATGGGTCTTCGCTCAAGCGAAACGCTCCGTCCGCAGGATTTCGGTGTACCGCGTTGGGAAGGCACACCCGAAGAAAACCTGCTTACCCTGCGTCAGGTAGTCCGTTTCCTTGGCGGCTGTGATGTAGGCGCTCAGGAAATGGATTCAGACGTTTTTAAGCTTTTCCACGAGCAAAGCGGCGGGAAACAGCTGGTAATAGAAAACGTAGACGAAGCGGCTGAAACACCCACCAAACTGGTCATTCCTGCCAAAGCCAAATATATCCTCCAGTGGACTGCCCGCCAGCCTTACGAGTCCACCAGACGCCAGGCCGGCGAATATGAGGATGCCGCTGTATACTACTCCTATCAAAGATTCCCCTTTGTCGGGGCTATTATCCAGGAGTTTATCCATGCTTTAGGATATACTGCGGTTTCAACCCACATGATGGGTTATCACACCAATGCTATCGCTACCTTAACCGGTATGGGGGAACACTGCCGTATGTCATCACCGACCTTAGTCCCCAAATACGGCACTACCAACCGGGCTATGTGGGTAATGATGACCGATATGCCTCTTATGTCCACTAAGCCTATAGATTTTGGGGTGTATGACTTCTGCAAGACCTGCGGTATCTGTGCGGACTCCTGCCCGTTCGGCTTGATTGAAAAAGGCGACCCGTCCTGGGAAGCTACCCAACCCGGTACCCGCCCCGGCTTTAACGGTTGGCGTACTAATACCACCACCTGTCCGCATTGTCCGGTCTGTCAGGGCAGTTGCCCCTTTAATACCAATGGCGACGGTTCTTTTATACATGATTTGGTACGTAATACAGTTTCCGTCACTCCTGTTTTCAACAGTTTCTTTGCCAATATGGAAAAGACCATGGGATACGGACGCAAGGACCCGCGCGACTGGTGGAATATAGATGATTATACCTACGGTATAAATACATCTTACTAA,"MKTFHSTLSRRDFMKALGLAGAGVGAVSAAAPVFHDVDELTASSGGVQKLPWWVKEREFKDPSVPIDWQNLPKMEGTFPYQARPTLSAQERYAMGIPGGSSGTWASPEQAQVLFDYMKKEFPGWEPGYAGLGDNRTTALFMATKFMRMGMWPGEINMGGNRVNVMQAILKAGGTATFPSFMGLRSSETLRPQDFGVPRWEGTPEENLLTLRQVVRFLGGCDVGAQEMDSDVFKLFHEQSGGKQLVIENVDEAAETPTKLVIPAKAKYILQWTARQPYESTRRQAGEYEDAAVYYSYQRFPFVGAIIQEFIHALGYTAVSTHMMGYHTNAIATLTGMGEHCRMSSPTLVPK
YGTTNRAMWVMMTDMPLMSTKPIDFGVYDFCKTCGICADSCPFGLIEKGDPSWEATQPGTRPGFNGWRTN
TTTCPHCPVCQGSCPFNTNGDGSFIHDLVRNTVSVTPVFNSFFANMEKTMGYGRKDPRDWWNIDDYTYGI
NTSY",
34,KBVC1_B1775_06685,AQX73823.1,B1775_RS06685,30104577,Dehalococcoides mccartyi KBVC1,,GTGAAAACTTTTCATTCAACACTTTCCCGAAGAGATTTTATGAAGGCTTTGGGTTTGGCTGGTGCCGGTATCGGAGCAGTGTCGGCTGCCGCCCCGGTTTTTCATGATGTGGATGAGCTGACTGCTTCTTCCGGCGGCGTACAGAAGCTGCCGTGGTGGGTTAAAGAGAGGGAGTTCAAAGATCCTTCAGTACCCATTGACTGGCAGAATCTACCCAAGATGGAAGGTACTTTCCCCTACCAGGCCAGACCAACCCTGTCGGCTCAGGAAAGATATGCTATGGGCATTCCCGGCGGCAGTTCTGGTACCTGGGCTAGCCCTGAGCAGGCGCAAGTACTTTTTGATTACATGAAAAAGGAATTTCCGGGATGGGAACCCGGCTATGCCGGTCTGGGAGACAACCGGACAACCGCTCTCTTCATGGCCACCAAATTTATGCGTATGGGCATGTGGCCCGGCGAAATAAATATGGGCGGCAACAGGGTTAATGTTATGCAGGCCATACTAAAGGCCGGAGGCACTGCCACTTTCCCCTCCTTCATGGGTCTTCGCTCAAGCGAAACGCTCCGCCCGCAGGATTTCGGTGTACCGCGTTGGGAAGGCACACCCGAAGAAAACCTGCTTACCCTGCGTCAGGTAGTCCGTTTCCTTGGCGGCTGTGATGTAGGCGCTCAGGAAATGGATTCAGACGTTTTTAAGCTTTTCCACGAGCAAAGCGGCGGGAAACAGCTGGTAATAGAAAACGTAGACGAAGCGGCTGAAACACCCACCAAACTGGTCATTCCTGCCAAAGCCAAATATATCCTCCAGTGGACTGCCCGCCAGCCTTACGAATCCACCAGACGCCAGGCCGGCGAATATGAGGATGCCGCTGTATACTACTCCTATCAAAGGTTCCCCTTTGTCGGGGCTGTTATCCAGGAGTTTATCCACGCTCTGGGATATACTGCGGTTTCAACCCACATGATGGGTTATCACACCAATGCTATCGCTACCTTAACCGGTATGGGTGAACACTGCCGTATGTCATCACCGACCTTAGTCCCCAAATACGGCACTACCAACCGGGCTATGTGGGTAATGATGACCGATATGCCTCTTATGTCCACTAAGCCTATAGATTTTGGGGTGTATGACTTCTGCAAGACCTGCGGTATCTGTGCGGACTCCTGCCCGTTCGGCTTGATTGAAAAAGGCGACCCGTCATGGGAAGCTACCCAACCCGGTACCCGCCCCGGTTTCAACGGATGGCGTACTAATACCACCACCTGCCCGCATTGTCCGGTCTGTCAGGGCAGTTGCCCCTTTAATACCAATGGCGACGGTTCTTTTATACATGATTTGGTCAGAAACACAGTTTCTACCACCCCTGTTTTCAACAGTTTCTTTGCCAATATGGAAAAGACCATGGGATACGGACGCAAGGACCCGCGCGACTGGTGGAATATAGATGATTATACCTACGGTATAAATACATCTTACTAA,"MKTFHSTLSRRDFMKALGLAGAGIGAVSAAAPVFHDVDELTASSGGVQKLPWWVKEREFKDPSVPIDWQNLPKMEGTFPYQARPTLSAQERYAMGIPGGSSGTWASPEQAQVLFDYMKKEFPGWEPGYAGLGDNRTTALFMATKFMRMGMWPGEINMGGNRVNVMQAILKAGGTATFPSFMGLRSSETLRPQDFGVPRWEGTPEENLLTLRQVVRFLGGCDVGAQEMDSDVFKLFHEQSGGKQLVIENVDEAAETPTKLVIPAKAKYILQWTARQPYESTRRQAGEYEDAAVYYSYQRFPFVGAVIQEFIHALGYTAVSTHMMGYHTNAIATLTGMGEHCRMSSPTLVPK
YGTTNRAMWVMMTDMPLMSTKPIDFGVYDFCKTCGICADSCPFGLIEKGDPSWEATQPGTRPGFNGWRTN
TTTCPHCPVCQGSCPFNTNGDGSFIHDLVRNTVSTTPVFNSFFANMEKTMGYGRKDPRDWWNIDDYTYGI
NTSY",
34,KBVC2_B1776_06605,AQX75198.1,B1776_RS06605,30104577,Dehalococcoides mccartyi KBVC2,,GTGAAAACTTTTCATTCAACACTTTCCCGAAGAGATTTTATGAAGGCTTTGGGTTTGGCTGGTGCCGGAGTCGGAGCAGTGTCGGCTGCCGCCCCGGTTTTTCATGATGTGGATGAGCTGACTGCTTCTTCCGGCGGTGTACAGAAGCTGCCGTGGTGGGTTAAAGAGAGGGAGTTCAAAGATCCTTCAGTACCCATTGACTGGCAGAATCTGCCCAAGATGGAGGGTACTTTCCCCTACCAGGCCAGACCAACCCTGTCGGCTCAGGAAAGATATGCTATGGGCATTCCCGGCGGCAGTTCGGGTACCTGGGCCAGCCCTGAGCAGGCGCAAGTACTTTTTGATTACATGAAAAAGGAATTTCCGGGATGGGAACCCGGTTATGCCGGTCTGGGAGACAACCGGACAACCGCTCTCTTCATGGCCACCAAATTTATGCGTATGGGCATGTGGCCCGGCGAAATAAACATGGGCGGCAACAGGGTTAATGTTATGCAGGCCATACTAAAGGCCGGAGGCACTGCCACTTTCCCCTCCTTCATGGGTCTTCGCTCAAGCGAAACGCTCCGTCCGCAGGATTTCGGTGTACCGCGTTGGGAAGGCACACCCGAAGAAAACCTGCTTACCCTGCGTCAGGTAGTCCGTTTCCTTGGCGGCTGTGATGTAGGCGCTCAGGAAATGGATTCAGACGTTTTTAAGCTTTTCCACGAGCAAAGCGGCGGGAAACAGCTGGTAATAGAAAACGTAGACGAAGCGGCTGAAACACCCACCAAACTGGTCATTCCTGCCAAAGCCAAATATATCCTCCAGTGGACTGCCCGCCAGCCTTACGAGTCCACCAGACGCCAGGCCGGCGAATATGAGGATGCCGCTGTATACTACTCCTATCAAAGATTCCCCTTTGTCGGGGCTATTATCCAGGAGTTTATCCATGCTTTAGGATATACTGCGGTTTCAACCCACATGATGGGTTATCACACCAATGCTATCGCTACCTTAACCGGTATGGGGGAACACTGCCGTATGTCATCACCGACCTTAGTCCCCAAATACGGCACTACCAACCGGGCTATGTGGGTAATGATGACCGATATGCCTCTTATGTCCACTAAGCCTATAGATTTTGGGGTGTATGACTTCTGCAAGACCTGCGGTATCTGTGCGGACTCCTGCCCGTTCGGCTTGATTGAAAAAGGCGACCCGTCCTGGGAAGCTACCCAACCCGGTACCCGCCCCGGCTTTAACGGTTGGCGTACTAATACCACCACCTGTCCGCATTGTCCGGTCTGTCAGGGCAGTTGCCCCTTTAATACCAATGGCGACGGTTCTTTTATACATGATTTGGTACGTAATACAGTTTCCGTCACTCCTGTTTTCAACAGTTTCTTTGCCAATATGGAAAAGACCATGGGATACGGACGCAAGGACCCGCGCGACTGGTGGAATATAGATGATTATACCTACGGTATAAATACATCTTACTAA,"MKTFHSTRDFMKALGLAGAGVGAVSAAAPVFHDVDELTASSGGVQKLPWWVKEREFKDPSVPIDWQN
LPKMEGTFPYQARPTLSAQERYAMGIPGGSSGTWASPEQAQVLFDYMKKEFPGWEPGYAGLGDNRTTALF
MATKFMRMGMWPGEINMGGNRVNVMQAILKAGGTATFPSFMGLRSSETLRPQDFGVPRWEGTPEENLLTL
RQVVRFLGGCDVGAQEMDSDVFKLFHEQSGGKQLVIENVDEAAETPTKLVIPAKAKYILQWTARQPYEST
RRQAGEYEDAAVYYSYQRFPFVGAIIQEFIHALGYTAVSTHMMGYHTNAIATLTGMGEHCRMSSPTLVPK
YGTTNRAMWVMMTDMPLMSTKPIDFGVYDFCKTCGICADSCPFGLIEKGDPSWEATQPGTRPGFNGWRTN
TTTCPHCPVCQGSCPFNTNGDGSFIHDLVRNTVSVTPVFNSFFANMEKTMGYGRKDPRDWWNIDDYTYGI
NTS",
34,cbdbA1595,CAI83618.1,cbdbA1595,16116419,Dehalococcoides mccartyi CBDB1,,GTGAAAACTTTTCATTCAACACTTTCCCGAAGAGATTTTATGAAGGCTTTGGGTTTGGCTGGTGCCGGTATCGGAGCAGTGTCGGCTGCCGCCCCGGTTTTTCATGATGTGGATGAGCTGACTGCTTCTTCCGGCGGCGTACAGAAGCTGCCGTGGTGGGTTAAAGAGAGGGAGTTCAAAGATCCTTCAGTACCCATTGACTGGCAGAATCTACCCAAGATGGAAGGTACTTTCCCCTACCAGGCCAGACCAACCCTGTCGGCTCAGGAAAGATATGCTATGGGCATTCCCGGCGGCAGTTCGGGTACCTGGGCCAGCCCTGAGCAGGCGCAAGTACTTTTTGATTACATGAAAAAGGAATTTCCGGGATGGGAACCCGGCTATGCCGGTCTGGGAGACAACCGGACAACCGCTCTCTTCATGGCCACCAAATTTATGCGTATGGGCATGTGGCCCGGCGAAATAAATATGGGCGGCAACAGGGTTAATGTTATGCAGGCCATACTAAAGGCCGGAGGCACGGCCACTTTCCCCTCCTTCATGGGTCTTCGCTCAAGCGAAACGCTCCGCCCGCAGGATTTCGGTGTACCGCGTTGGGAAGGCACACCCGAAGAAAACCTGCTTACCCTGCGTCAGGTAGTCCGTTTCCTTGGCGGCTGTGATGTAGGCGCTCAGGAAATGGATTCAGACGTTTTTAAGCTTTTCCACGAGCAAAGCGGCGGGAAACAGCTGGTAATAGAAAACGTAGACGAAGCGGCTGAAACACCCACCAAACTGGTCATTCCTGCCAAAGCCAAATATATCCTCCAGTGGACTGCCCGCCAGCCTTACGAGTCCACCAGACGCCAGGCCGGCGAATATGAGGATGCCGCTGTATACTACTCCTATCAAAGATTCCCCTTTGTCGGGGCTATTATCCAGGAGTTTATCCATGCTTTGGGATATACTGCGGTTTCAACCCACATGATGGGTTATCACACCAATGCTATCGCTACCTTAACCGGTATGGGTGAACACTGCCGTATGTCATCACCGACCTTAGTCCCCAAATACGGCACTACCAACCGGGCTATGTGGGTAATGATGACCGATATGCCTCTTATGTCCACTAAGCCTATAGATTTTGGGGTGTATGACTTCTGCAAGACCTGCGGTATCTGTGCGGACTCCTGCCCGTTCGGCTTGATTGAAAAAGGCGACCCGTCCTGGGAAGCTACCCAACCCGGTACCCGCCCCGGTTTCAACGGATGGCGTACTAATACCACCACCTGCCCGCATTGTCCGGTCTGTCAAAGCAGTTGCCCCTTTAATACCAATGGCGACGGTTCTTTTATACATGATTTGGTACGTAATACAGTTTCCGTCACTCCTGTTTTCAACAGTTTCTTTGCCAATATGGAAAAGACCATGGGATACGGACGCAAGGACTCGCGCGACTGGTGGAATATAGATGATTATACCTACGGTATAAATACATCTTACTAA,"MKTFHSTLSRRDFMKALGLAGAGIGAVSAAAPVFHDVDELTASSGGVQKLPWWVKEREFKDPSVPIDWQNLPKMEGTFPYQARPTLSAQERYAMGIPGGSSGTWASPEQAQVLFDYMKKEFPGWEPGYAGLGDNRTTALFMATKFMRMGMWPGEINMGGNRVNVMQAILKAGGTATFPSFMGLRSSETLRPQDFGVPRWEGTPEENLLTLRQVVRFLGGCDVGAQEMDSDVFKLFHEQSGGKQLVIENVDEAAETPTKLVIPAKAKYILQWTARQPYESTRRQAGEYEDAAVYYSYQRFPFVGAIIQEFIHALGYTAVSTHMMGYHTNAIATLTGMGEHCRMSSPTLVPK
YGTTNRAMWVMMTDMPLMSTKPIDFGVYDFCKTCGICADSCPFGLIEKGDPSWEATQPGTRPGFNGWRTN
TTTCPHCPVCQSSCPFNTNGDGSFIHDLVRNTVSVTPVFNSFFANMEKTMGYGRKDSRDWWNIDDYTYGI
NTSY",
34,GT_1318,ADC74673.1,DehalGT_1318,26184667,Dehalococcoides mccartyi GT,,GTGAAAACTTTTCATTCAACACTTTCCCGAAGAGATTTTATGAAGGCTTTGGGTTTGGCTGGTGCCGGTATCGGAGCAGTGTCGGCTGCCGCCCCGGTTTTTCATGATGTGGATGAGCTGACTGCTTCTTCCGGCGGCGTACAGAAGCTGCCGTGGTGGGTTAAAGAGAGGGAGTTCAAAGATCCTTCAGTACCCATTGACTGGCAGAATCTACCCAAGATGGAAGGTACTTTCCCCTACCAGGCCAGACCAACCCTGTCGGCTCAGGAAAGATATGCTATGGGCATTCCCGGCGGCAGTTCTGGTACCTGGGCTAGCCCTGAGCAGGCGCAAGTACTTTTTGATTACATGAAAAAGGAATTTCCGGGATGGGAACCCGGCTATGCCGGTCTGGGAGACAACCGGACAACCGCTCTCTTCATGGCCACCAAATTTATGCGTATGGGCATGTGGCCCGGCGAAATAAATATGGGCGGCAACAGGGTTAATGTTATGCAGGCCATACTAAAGGCCGGAGGCACTGCCACTTTCCCCTCCTTCATGGGTCTTCGCTCAAGCGAAACGCTCCGCCCGCAGGATTTCGGTGTACCGCGTTGGGAAGGCACACCCGAAGAAAACCTGCTTACCCTGCGTCAGGTAGTCCGTTTCCTTGGCGGCTGTGATGTAGGCGCTCAGGAAATGGATTCAGACGTTTTTAAGCTTTTCCACGAGCAAAGCGGCGGGAAACAGCTGGTAATAGAAAACGTAGACGAAGCGGCTGAAACACCCACCAAACTGGTCATTCCTGCCAAAGCCAAATATATCCTCCAGTGGACTGCCCGCCAGCCTTACGAATCCACCAGACGCCAGGCCGGCGAATATGAGGATGCCGCTGTATACTACTCCTATCAAAGGTTCCCCTTTGTCGGGGCTGTTATCCAGGAGTTTATCCACGCTCTGGGATATACTGCGGTTTCAACCCACATGATGGGTTATCACACCAATGCTATCGCTACCTTAACCGGTATGGGTGAACACTGCCGTATGTCATCACCGACCTTAGTCCCCAAATACGGCACTACCAACCGGGCTATGTGGGTAATGATGACCGATATGCCTCTTATGTCCACTAAGCCTATAGATTTTGGGGTGTATGACTTCTGCAAGACCTGCGGTATCTGTGCGGACTCCTGCCCGTTCGGCTTGATTGAAAAAGGCGACCCGTCATGGGAAGCTACCCAACCCGGTACCCGCCCCGGTTTCAACGGATGGCGTACTAATACCACCACCTGCCCGCATTGTCCGGTCTGTCAGGGCAGTTGCCCCTTTAATACCAATGGCGACGGTTCTTTTATACATGATTTGGTCAGAAACACAGTTTCTACCACCCCTGTTTTCAACAGTTTCTTTGCCAATATGGAAAAGACCATGGGATACGGACGCAAGGACCCGCGCGACTGGTGGAATATAGATGATTATACCTACGGTATAAATACATCTTACTAA,"MKTFHSTLSRRDFMKALGLAGAGIGAVSAAAPVFHDVDELTASSGGVQKLPWWVKEREFKDPSVPIDWQNLPKMEGTFPYQARPTLSAQERYAMGIPGGSSGTWASPEQAQVLFDYMKKEFPGWEPGYAGLGDNRTTALFMATKFMRMGMWPGEINMGGNRVNVMQAILKAGGTATFPSFMGLRSSETLRPQDFGVPRWEGTPEENLLTLRQVVRFLGGCDVGAQEMDSDVFKLFHEQSGGKQLVIENVDEAAETPTKLVIPAKAKYILQWTARQPYESTRRQAGEYEDAAVYYSYQRFPFVGAVIQEFIHALGYTAVSTHMMGYHTNAIATLTGMGEHCRMSSPTLVPK
YGTTNRAMWVMMTDMPLMSTKPIDFGVYDFCKTCGICADSCPFGLIEKGDPSWEATQPGTRPGFNGWRTN
TTTCPHCPVCQGSCPFNTNGDGSFIHDLVRNTVSTTPVFNSFFANMEKTMGYGRKDPRDWWNIDDYTYGI
NTSY",
38,KB13241_6,AIZ97097,,23479752,KB-1 consortium,,GTGAATATATCTCATTCAACATTATCTAGGCGTGACTTTATGAAAGGCCTTGGTCTGGCCGGAGCCGGACTGGGTGCGGTTGCCGCATCAGCACCGGTATTTCATGACGTGGATGAATTAACATCCCTGGGTTCAAATGTTAATAGATACCCTTGGTATGTTAAAGAGAGGGAATTTAAGAATCCGACAGTAGAAATTGATTGGAACGTGCTGTCTCGTCAAAACGCCAACAATTTTAAATCCCATGCCAAGCCTACCCCGGCTGATTATGATGCGGCTGGTGTGGTTGGTCGCTATATGTACGACCTGGAAACACCTGCAGAAGCCTTGATCCTCTATGACTATTGTGAAAAAGAATTCCCCGGCTGGGACAAAGGTTGGGGCGGTTCAGGAGATGTTCGCACTACCGCTTTGGATAATGCCTGCAAATTTATGATGATGGGTATGTGGCCGGGAGATATGTATCAGGGCGGCAAACGCATAAACGTTCGCAATGCTATCATCGCCGCCGGCGGTACCGGTTCTTACAGTTCATTCCTGGGGCCGCAGTGTTTCTCAATCCGCCCGCAGGATGTGGGTGCTTCCCGTTGGCAGGGTACGCCGGAAGAGAACTACAAAACCGTGCGGAATGCCTTCCGTTTCCTGGGTGCCCAGGATGTAGGCTGTGCTGAAATAGACAGCGATACTGTTAAATTCTTCCACAGGGCCAAAGGCGGTGCCAGTGGCATGTTTGCCGGGCAGGGAGATGCAGGCGGTAAACAGGTTGCGTTCAAAGACATAGATGTACCCTACGAAACAGGCGACGAGTATGCCATACCCAACAAATGCAAATATATTATTACCTTTACTGCCCGCCAGAGTTTTGAAGGTACCCGCCGTCAGGCCGGCATTACAGAAGGTTTTGCGGTCTGGTATTCTTATGCCCGCTATATAAAGATGATGTGCCATATGCAGGAGTTTATTCGTGGCCTTGGTTACGATTGTCTGAATATGAGCGGTTTGTGTTTCTCAAATCCTCTGTCAGCCATAACCGGTTTGGGTGAGCATGGGCGGATGTCTTCTCCGACTATTCACCCCAAAAACGGCACTACTAACCGGGCTAATGGCTGGGCACTTTTAACAGATTTGCCTGTAGCACCCACTAACCCCATTGATTTTGGGGCATACAAATTCTGTGAGACCTGCGGTATTTGTGCTGATGCCTGTCCGTTTGGTCTTATCCAGAAGGGTGAGTCAACTTGGGAGAACCCTGCTGCGGCTAAAAATGGATTGGCACAAGGCCAGTTTAAGGGTTGGCGGACCAATAATACAGATTGTCCCCACTGCCCCACTTGTCAGGGTACCTGCCCCTTTAACTCTACCTCGCAATCTTTTATCCATGATATGGTAAAAGCTACTACTACCAATCTTCCCATGTTTAACGGGTTCTTTGCCAACATGGAAAGGTTTATGGAATATGGCCGTAAACCGCAGTGGGAGTTCTGGGATATAGAACAACCCACCTATGGTTTTGATACCACGGCC,MNISHSTLSRRDFMKGLGLAGAGLGAVAASAPVFHDVDELTSLGSNVNRYPWYVKEREFKNPTVEIDWNVLSRQNANNFKSHAKPTPADYDAAGVVGRYMYDLETPAEALILYDYCEKEFPGWDKGWGGSGDVRTTALDNACKFMMMGMWPGDMYQGGKRINVRNAIIAAGGTGSYSSFLGPQCFSIRPQDVGASRWQGTPEENYKTVRNAFRFLGAQDVGCAEIDSDTVKFFHRAKGGASGMFAGQGDAGGKQVAFKDIDVPYETGDEYAIPNKCKYIITFTARQSFEGTRRQAGITEGFAVWYSYARYIKMMCHMQEFIRGLGYDCLNMSGLCFSNPLSAITGLGEHGRMSSPTIHPKNGTTNRANGWALLTDLPVAPTNPIDFGAYKFCETCGICADACPFGLIQKGESTWENPAAAKNGLAQGQFKGWRTNNTDCPHCPTCQGTCPFNSTSQSFIHDMVKATTTNLPMFNGFFANMERFMEYGRKPQWEFWDIEQPTYGFDTTA,
