1	AY013367	AAG46194.1	AY013367.1	12807201	Sulfurospirillum halorespirans PCE-M2		ATGGAAAAGAAAAAAAAGCCTGAACTCTCAAGAAGAGATTTTGGTAAGTTGATTATCGGAGCTGGAGCTGCAGCAACGATAGCTCCATTTGGTGTACCAGGTGCAAATGCAGCTGAAAAAGAGAAAAATGCAGCTGAAATTCGTCAACAATTTGCAATGACTGCAGGTTCTCCCATCATAGTTAACGACAAATTGGAAAGATATGCTCAAGTACGAACAGCGTTTACTCATCCAACCTCAATGTTTAAACCAAACTACAAAGGTGAAGTGAAACATTGGTTTTTATCATCATGTGATGAGAAAGTACGTCAGATTGAAAATGGTGAAAATGGTCCTAAGATGAAAGCTAAAAATGTAGGAGAAGCTAGAGCAGGTCGTGCACTTGAAGCTGCTGGATGGACCTTAGATAABAACTTTGGAGGTTCTTTTGGAAGTTATTATCCAAATAGATTTTCTATGTTATGGTCTGGTGAGACTATGCTTAACACCCAAATGTGGGCAACAGTAGGGTTAGATAGAAGACCTCCAGATACAACTGATCCTGTGGAACTTACAAATTATGTAAAATTTGCTGCACGTATGGCAGGTGCTGATTTGGTAGGTGTTGCAAGATTAAATCGTAACTGGGTTTATTCTGGGGCAGTAACTATACCAGATGAACAATCTTGGCATAAAGAGATTGAAAAGCCAATCGTTTTCAAAGATGTTCCACTACCAATAGAAACTGATGATGAATTAATTATCCCTAATACTTGTGATAATGTTATCGTTTCAGGTATCGCTATGAACCGCGAAATGTTGCAAACAGCTCCTACCAGTATGGCATGTGCAACAGTAGCATTTTGTTATTCACGTATGGGTGTGTTCGATATGTGGTTATGCCAGTTTATTCGTTATATGGGTTACTATGCAATACCATGCTGTAATACTGTTGGACAATCAGTTGCCCTTGCTGTTGAAGCAGGTTTAGGACAAGCTAGTCGTATGGGTGCTTGTATTACTCCTGAATTTGGACCAAACGTAAGACTTACAAAAGTCTTTACAAATATGCCTTTAGTTCCAGATAAGCCTATCGACTTTGGAGTAACAGAATTTTGTGAAACATGTAAAAAATGTGCACGTGAGTGTCCTTCAAAAGCAATTACTGAAGGTCCAAGAACTTTTGAAGGACGAAGTATTCATAATCAATCAGGTAAATTACAGTGGCAAAATGACCATAGTAAATGCTTAGATTATTGGCCGGAATCTGGTGGAAATTGTGGTACGTGTTTTGCTGTATGCCCGTTTACTAAAGGTAATATCTGGATTCATGATGGCGTTGAATGGCTTATTGATAACACAAGATTCTTAGACCCATTAATGCTTGGTATGGATGATGCATTGGGCTATGGTGCAAAACGAAATATTACAGAAATTTGGGATGGAAAGATTAATACATATGGTCTAGACGCAGACCATTTTAGAGACACTGTAAGCTTTAGAAAGGATAGGGTTAAAAAATCATGA	MEKKKKPELSRRDFGKLIIGAGAAATIAPFGVPGANAAEKEKNAAEIRQQFAMTAGSPIIVNDKLERYAQVRTAFTHPTSMFKPNYKGEVKHWFLSSCDEKVRQIENGENGPKMKAKNVGEARAGRALEAAGWTLDXNFGGSFGSYYPNRFSMLWSGETMLNTQMWATVGLDRRPPDTTDPVELTNYVKFAARMAGADLVGVARLNRNWVYSGAVTIPDEQSWHKEIEKPIVFKDVPLPIETDDELIIPNTCDNVIVSGIAMNREMLQTAPTSMACATVAFCYSRMGVFDMWLCQFIRYMGYYAIPCCNTVGQSVALAVEAGLGQASRMGACITPEFGPNVRLTKVFTNMPLVPDKPIDFGVTEFCETCKKCARECPSKAITEGPRTFEGRSIHNQSGKLQWQNDHSKCLDYWPESGGNCGTCFAVCPFTKGNIWIHDGVEWLIDNTRFLDPLMLGMDDALGYGAKRNITEIWDGKINTYGLDADHFRDTVSFRKDRVKKS
2	AY013365	AAG46192.1	AY013365.1	22316246	Desulfitobacterium hafniense DCB-2		ATGGAAAACAATGAACAAAGGCAGCAAACAGGCATGAACCGCAGAAGCTTTCTGAAAGTTGGGGCTGCAGCAACTACCATGGGAGTCATCGGAGCGATCAAGGCTCCGGCCAAGGTCGCCAATGCCGCTGAAACAATGAACTATGTCCCGGGACCCACCAATGCACGCTCTAAACTTCGCCCGGTACATGATTTTGCAGGAGCAAAAGTTCGCTTTGTTGAGAACAACGACGAGTGGCTGGGCACTACCAAAATCATTTCCAAGRTAAAAAAGACTTCCGAAGCCGATGCCGGCTTTATGCAAGCGGTCAGAGGTTTATACGGTCCCGATCCCCAAAGAGGTTTCTTCCAATTTATCGCTAAGCATCCTTTTGGAGGAACTATCAGCTGGGCGCGTAACCTCATAGCTGCGGAGGATGTGGTAGATGGTGATGCCGAACCGACGAAGACTCCCATCCCGGACCCGGAGCAAATGTCTCAGCATATCAGAGACTGCTGCTATTTCTTACGGGCGGACGAAGTAGGGATCGGCAAGATGCCGGAGTATGGCTATTATACTCATCATGTTTCCGATACAGTCGGACTCATGAGCAAACCTGTTGAAGAATGTGTGACACCGGTTACCAAAATTTATCCGAACGTCATCGTGGTTATGATCGATCAGGGTATTGAGACCATGTGGGCATCCACAGGATACGACGGTATCAGTGGAGCGATGTCTATGCAAAGTTACTTTACCAGTGGCTGCATTGCCGTCATTATGGCCAAATATATCAGAACCCTTGGTTATAATGCGCGAGCTCATCACGCTAAAAACTACGAGGCCATCATGCCTGTCTGCATCATGGCGGCAGGTCTGGGAGAATTGTCACGTACGGGAGACTGCGCGATCCATCCCCGTTTGGGATACCGCCATAAAGTAGCCGCAGTAACGACCGATTTGCCCCTTGCTCCTGATAAACCCATTGATTTCGGTCTTCTGGACTTCTGCCGGGTATGCAAAAAATGCGCCGACAATTGTCCAAACGACGCGATTACCTTTGATGAAGATCCCGTTGAATATAACGGATACCTGCGTTGGAACAGTGACTTTAAGAAATGCACAGAGTTCCGTACCACCAATGAAGAAGGGTCCTCTTGCGGTACCTGCCTGAAAGTCTGCCCCTGGAACTCCAAGGAAGATTCCTGGTTCCATAAAGCAGGGGTTTGGGTTGGCAGCAAGGGTGAAGCTGCTTCCACCTTCCTTAAATCCATTGATGATATCTTTGGCTATGGTACGGAGACCATTGAAAAATACAAATGGTGGCTGGAGTGGCCTGAAAAGTATCCATTGAAACCCATGTAA	MENNEQRQQTGMNRRSFLKVGAAATTMGVIGAIKAPAKVANAAETMNYVPGPTNARSKLRPVHDFAGAKVRFVENNDEWLGTTKIISKXKKTSEADAGFMQAVRGLYGPDPQRGFFQFIAKHPFGGTISWARNLIAAEDVVDGDAEPTKTPIPDPEQMSQHIRDCCYFLRADEVGIGKMPEYGYYTHHVSDTVGLMSKPVEECVTPVTKIYPNVIVVMIDQGIETMWASTGYDGISGAMSMQSYFTSGCIAVIMAKYIRTLGYNARAHHAKNYEAIMPVCIMAAGLGELSRTGDCAIHPRLGYRHKVAAVTTDLPLAPDKPIDFGLLDFCRVCKKCADNCPNDAITFDEDPVEYNGYLRWNSDFKKCTEFRTTNEEGSSCGTCLKVCPWNSKEDSWFHKAGVWVGSKGEAASTFLKSIDDIFGYGTETIEKYKWWLEWPEKYPLKPM
3	AY013361	AAG46188.1	AY013361.1	8593100	Desulfitobacterium sp. PCE-1		TTGTATGCCTGGGATGAAGAAAAGAGTCGTCAGAAGGCAACCTTTACTGATTTAAAGGAGGCTTCCCTGATCGTCAAGGATGCTGCTAGGTTCCTGGGTGCGAGTTTGGTGGGTATAGCTGAATACGATCAAAAATGGGTATATTCCACTTGGTACGATTTTTCTACAAAAGAAAGTATTCCTGCCGAGTTTCCGTTTCCAGTTAAGAGTGTTATCGTCATAGYGGTAGACACTGMTTATAGGGGATGCCTTACGTCACCCTCCTTAATTTCCAGTGCTGCCACAGGACTTGGCTATTCTAAAATGGCAGAAACAGCTAGAAAAATGGCAACATTCATTCGTATGCTTGGCTATAATGCTATTCCCAGTGGGAATGATACCGCCATAAGCATTCCTCTTGCAATACAGGCAGGACTCGGTGAATTGGGCCGAAATGGAATGCTCATTACCCCAGAATATGGCCCGRGAGTAAGACTTCTAAAAGTATTGACAGATATGCCCTTGCAACCAGATAAACCCATCACTTTTGGAGTGAGTCAGTTCTGCATGAAGTGCAAAAAGTGTGCTTATTCTTGTCCAACGGGTGCTATTCCCTTAGATTCCAAGCCTACAATGTACGGGGACTCTATGTCTAATTGCGATGGGGTATTAAAGTGGTATACCGATCCTGAAAGATGCTATAAATTTTGGGCACTAAACGGAGCAGAGTGCAGTAATTGTATAGCTTGTTGCCCATATAATAAGTGGTCCAGCTGGCATCATGGTTTAACCCAGAGATTGAGAGARTCCATAAGGGACAAGCCCTCCGTGAAGAAGGCTGAGAAGAACGATAGTGNCATAGAGAAGAACACTGTTCCATCAGAGCCAGGAACTTCAATGGCGGACCAATCTTCAAAAAAACGAGAATACAACATAGTTGATTATGCCATCTGTAAAGCAGCAGCGGCAATTAGTGATTATRCAGCAAAAGATAACTGCTTCGTAATTCATGAACAAGATTTATGTGAATGGAGTAGCAAACACAATCAGAGTAAGATGAAATTTCAGACGCTACACAAGCTT	LYAWDEEKSRQKATFTDLKEASLIVKDAARFLGASLVGIAEYDQKWVYSTWYDFSTKESIPAEFPFPVKSVIVIXVDTXYRGCLTSPSLISSAATGLGYSKMAETARKMATFIRMLGYNAIPSGNDTAISIPLAIQAGLGELGRNGMLITPEYGPXVRLLKVLTDMPLQPDKPITFGVSQFCMKCKKCAYSCPTGAIPLDSKPTMYGDSMSNCDGVLKWYTDPERCYKFWALNGAECSNCIACCPYNKWSSWHHGLTQRLRESIRDKPSVKKAEKNDSXIEKNTVPSEPGTSMADQSSKKREYNIVDYAICKAAAAISDYXAKDNCFVIHEQDLCEWSSKHNQSKMKFQTLHKL
4	AY013362	AAG46189.1	AY013362.1	23479749	Desulfitobacterium hafinense PCP-1		ATGAACCGTCGCAAATTTCTCAAAGCCGGAGTTGCTTCGGCACTGACCGCTGGAATGGTCGGGGCGATGAGAACTCTGCCGGTAAGTGCCGCCGAGGCGGTGGCAAGCACAGGTTCATCCGGTTCAGTTAACGGTGCCCGCTCGAAGCTTCATCCCAAAGTGGATTATGGCGGTGCCAGTGTGCGCTTTGTGGAAAATAATGATCAGTGGCTGGGGACAAGCCAGATTGTCGGTACAGTAAACCGTACCCATGAAGCGGAGCAGGGCTTTAACCTGGCTTTGCGCGGCAAGCTTTCTTCTGAAGCACAGGTTGCCATGTACCATTATAATTTTGTCATGAAGCATCCTTTCGATGGAGCGCTGGGTATTTTCTCCAATTACGTTTCGGCAGAAAATATAGTGGGAGGAACCCCGAACCAGGAGAAACTGCCCATACCTGACCCGGAACAGATGTCCCAGAATATCAAGGATACGGCTTACTTTCTGCGGGCCGATGAAGTAGGAATCGGCAAAATGCCGGAATATGCCTACTATTCCCACAAAGCGCCTTTTTCCCATGAAGAACTGATCAGAGACGATATTTCCCATTCCACTCCGGTAACGGAGAAGCTTCCCTATGTCATTGTTGTGACGGTTGACCAGCATCTGGAAACTATGCTGGCATCTACCGGCTATGATGGGATAAGTTCCACCCAGTCCATGCGCGGCTATCATGCCACAGCCGTCATTTCCGTCATTCTTGCCCAGTATATCCGCAATCTGGGCTATAATGCCAGAGCGCACCATTTTGCCAACTATGCTGCTGCGATGCCCCCGGTCACCATAGCGGCGGGCCTGGGAGAATTGTCCCGGACCGGGGATTGCACGGTTCATCCGCGCCTGGGCTACCGCCACAAAGTAGCSGCAGTTACCACGGATTTACCCCTTCTC	EQKFQMNRRKFLKAGVASALTAGMVGAMRTLPVSAAEAVASTGSSGSVNGARSKLHPKVDYGGASVRFVENNDQWLGTSQIVGTVNRTHEAEQGFNLALRGKLSSEAQVAMYHYNFVMKHPFDGALGIFSNYVSAENIVGGTPNQEKLPIPDPEQMSQNIKDTAYFLRADEVGIGKMPEYAYYSHKAPFSHEELIRDDISHSTPVTEKLPYVIVVTVDQHLETMLASTGYDGISSTQSMRGYHATAVISVILAQYIRNLGYNARAHHFANYAAAMPPVTIAAGLGELSRTGDCTVHPRLGYRHKVAAVTTDLPLL
4	AY013364	AAG46190.1	AY013364.1	23479749	Desulfitobacterium sp. PCP-1		ATGTTTAGATCATCGGATCGTCAGAWCAAACCGCAGGAACAGAAATTTCAGATGAACCGTCGCAAATTTCTCAAAGCCGGAGTTGCTTCGGCACTGACCGCTGGAATGGTCGGGGCGATGAGAACTCTGCCGGTAAGTGCCGCCGAGGCGGTGGCAAGCACAGGTTCATCCGGTTCAGTTAACGGTGCCCGCTCGMMGCTTCATCCCAAAGTGGATTATGGCGGTGCCAGTKTGCGCTTTGTGGAAAATAATGATCAGTGGCTGGGGACAAGCCAGATTGTCGGTACAGTAAGCCGTACCCATGAAGCGGAGCAGGGCTTTAACCTGGCTTTGCGCGGCAAGCTTTCTTCTGAAGCACAGGTTGCCATGTACCATTATWATTTTGTCATGAAGCATCCTTTCGATGGAACGCTGGGTATTTTCTCCAATTACGTTTCGGCAGAAAATATAGTGGGAGGAACCCCGAACCAGGAGAAACTGCCCATACCTGACCCGGAACAGATGTCCCAGAATATCAAGGATACGGCTTACTTTCTGCGGGCCGATGAAGTAGGAATCGGCAAAATGCCGGAATATGCCTACTATTCCCACAAGGCGCCTTTTTCCCATGAAGAACTGATCAGAGACGATATTTCCCATTCCACTCCGGTAACGGAGAAGCTTCCCTATGTCATTGTTGTGATGGTTGACCAGCCTCTGGAAACTATGCTGGCATCTACCGGCTATGATGGGATAAGTTCCGCCCAGTCCATGCGCGGCTATCATGCCACAGCCGTCATTTCCGTCATTCTTGCCCAGTATATCCGCAATCTGGGCTATAATGCCAGAGCGCACCATTTTGCCAACTATGCTGCTGCGATGCCCCCGGTCACCATAGCGGCGGGCCTGGGAGAATTGTCCCGGACCGGGGATTGCACGGTTCATCCGCGCCTGGCTACCGCCACAAAG	MFRSSDRQXKPQEQKFQMNRRKFLKAGVASALTAGMVGAMRTLPVSAAEAVASTGSSGSVNGARSXLHPKVDYGGASXRFVENNDQWLGTSQIVGTVSRTHEAEQGFNLALRGKLSSEAQVAMYHYXFVMKHPFDGTLGIFSNYVSAENIVGGTPNQEKLPIPDPEQMSQNIKDTAYFLRADEVGIGKMPEYAYYSHKAPFSHEELIRDDISHSTPVTEKLPYVIVVMVDQPLETMLASTGYDGISSAQSMRGYHATAVISVILAQYIRNLGYNARAHHFANYAAAMPPVTIAAGLGELSRTGDCTVHPRLATATK
21	Dm11a5_0255	WP_023651882.1	Dm11a5_RS01240	27856620	Dehalococcoides mccartyi 11a5		ATGTCTCAATTTCATTCAACTTTATCTAGACGTGATTTCATGAAGAGCTTGGGGCTGGCTAGCGCCGGAATTGGTGCGGCTAGTTTGGGAGGTGTGAATGCCACTGCCCCCCTTTTCCATGATATAGATGAAATCACATCTTCCCCAAGTGCTATCACTAAAAAACCGTGGTGGGTAAAACTACAGGATAAACCTACTGTTCCGATGGATTTAAGTCTTCTGAAACCTGGTCGCACTAAAGTTTGGTGTATGCCACCAGATGATCCTTCTGGGCCCGTTACTTTAAGAGCACCAGGTTATTCTGAGGAAGAAACCAGACAAAAGTTTACAGATTATTTCAAGAAAGAATGGGGGACATGGGACCCAGGTCCGACTATGGAAGGATTTGGTGATTTTCCCGAACGGACTACAGAACACATTGGTCCTATAAGGGATAATGCTCTTCTTGCCGGACTTATGCCATTCTTGTTTGGTAAATTGCCTGATGAGATTATTGCCGCAGAAAAAGGCCAATATCTTAGCTATTTACTAGATAAACCTTGTGGCTGGCGTTACGCTGCACCTTTGGAACAGCGCGGTGGTACTAAATGGCAGGGAACCCCCGAAGAAAATCTGCGCACTGTTAGGGCGGCTGCGCGTTTCTATGGAGCTGATGACGTTGGAGCAATTGAAGTCGATGAGGATTTTTTGAAGGTTATGTGGGGGGTTTCCCGTTTTCCATTCATACCTATACCGGTGCAATTTGAATGGGGAGATGTAGATGATTTTGTCCCTACTCCCAGTGCTACGCGCCCGACAAAAATCATAATTCCTCGCAGGTGTAAATATTTTGTTCATTGGACTATGCGTCAGCCACCTTCACGCCTTAAGCATGATTCAGGAACTCAACAAGGCCCAAGTCAAGGTTGGACTTATTCCAGAAATCCCATGGTAAATGTCAATATACAGGAATTTTTATGGGGGCTTGGATATATTGCACTGACAAACTGGGCTGGTTACCTCATACCCACCGGCTACGCTGGAGTTGTATCTGGTGCAGGTGAACTATCAAGGTGGAGTGGTGTATTGACTCCCAAATTTGGTAATCAGGTACGAGGTATGTATGGATTCCTAACTGATTTACCTCTCGCTCCAACTAAGCCAATAAATTTTGGTGGTTATGAATTTTGCAAGACTTGTGGCATTTGTGCAGATGCTTGTCCTATGGGAGCTATTCAATCAGGAGAGCCTTCTTGGGATGCACCGGAAACTTGGCAGAACCCCGGTTATTTAGGATGGCGTCTTGATTTAACAAAGTGTAGTCATTGTCCAGTTTGTCAAGGTGTTTGCCCTTTTAATACAACTGATGATAGTTTCGTTCATAATCTGGTTAAGGGGACTGTACCTAACATTAAATTATTTAATGGTTTCTTTGCCAATATGGAGCGTAATTTTGGTTACGGACGCAAGCCATATGAAGATTGGTGGGAAAGTGCTGCCGATGGAAAAGAACCAGTGTTCGGTATTGACAGTACCCAATAA	
22	Dm11a5_0227	WP_034376796.1	Dm11a5_RS01110	27856620	Dehalococcoides mccartyi 11a5		ATGAATAAATTCCATTCAAGCGTAAGCCGCCGGGATTTTATGAAAGGGCTGGGAATAGCCGGGGCAGGATTGGGAGCTGCGGCAGCTACCGTGCCGGTTTTTCATGATTTGGATGAAGCTGTCTCTGCGCCTGTAGCTGGCGGTTTCAGACGCCCGTGGTGGGTTAAGGAACGTGAATATGAAGACCCTACCTGCGAAGTAGACTGGAGCCAGATAGAGCGTTCGGACAATTCGTGGATTATGCACGGGGTGCGGAACGGGGTAAAGGGCGGTTACCTGTTTGCCGGGCAGAAATACCTTGACTGGCAGAAGGAAGGTTCTGACCAGGCTTTTAACGGGGTTAAAAACAATGAACCCGGCCTTACTCTTCGGGATATGGCCCTTGAGGGCGGCGCATCTCCATTGCTTATGGGTTTAAACAAAGTGGTTAATTTTGTGTTGCCTGAAATTGACCAGGATCAGGTTCTGGCTCAGTTCGGCTTTACCGCTGCTGCTTGGCCCAATGCCTCGTCTTTCTGGGTGGCATCCGCCCCGCCGGATTTCTGGGGAGTACCGAAGTGGCAGGGCACACCCGAAGAAAATTCTCGCATGCTGCGTTCAGCCATGCGTTTCTTTGGTGCTTCCGAGGTGCGTTTTGCCGAGTTGAATGAAAAAACCAAGAAACTCATTTTTACCCATCATGTACACAATACACCCATTGTATTTGAAGATGTAGACAAGGCTTATGAAGTTGCAGGCCAAAAGTTTGTTCTGCCCGACAAGCCGCTTTATATCGTCAGTGTAGCCGTTCAGATGAGCAAGGAAATGTACCGCCAGGGTAATGCCGGCATTCGTTTTGCCGCTAATAACATGCGGTACCGCCTTAATAATGTGGTGCAGGTAGCTACCCAGTCATTTTTAAAAGGCATCGGTTATCAGGGTATCGGATATCCTTCGGAGTCTCTTTTCCATGGTATGATGCCTTCTCAGGCTGATGCCATTCTGACCGGTTTTGCCGAAATGGCAAGGAATAACAACTACTGCATAAGCCCGGAATTCGGGACGGTGGCTGGTTATTACAGTATTCTTACAGATCTGCCTCTGGCTCCGGACAAGCCGATAGATGCAGGCTATTTCCGTTTCTGCCATACCTGCCGGAAATGTGCTGAGGCTTGCCCCTCCCAGGCTATCTCTTTTGACAGCGAACCTACCTGGGATATACCCCCATCTTCAGTAGATCCTGCCAAGGCAACACTGTACTCCACTCCGGGCAAAAAAGTTTTCCATACAGATTCACCTGCCTGTTATTCAAGATGGATAGGCCTGCATGGCTGTGCCCGCTGTATGGGTACTTGTGTGTTTAATACCAATAGCAGTGCCATGGTACATGATATGGTTCGGGCTACAATAGGTACTACCGGACTGTTTAACGGCTTCCTTTGGAATGCAGATAAAGCCTTTGGTTACGGGCTGATACCTCCGGAGAAATGGGAAGAGTGGTGGGACAAGGATTACCCCGTGCTCGGTCAGGATAGCACCATTGGTTCTTATTACGGCGGGTATTAA	
23	Dm11a5_0188	WP_011308794.1	Dm11a5_RS00925	27856620	Dehalococcoides mccartyi 11a5		ATGGATGAAAAAATAAACCGTCGTGATTTTGTTAAAGGTGCAGGACTTGCATCGGCTGCAACCGTTGCCACCCTCATGGCAACAGCTTCAACTGTATCCGCTGAGGAGCTGGTTAATCCGGGCGGAAAAGCTATGGATGAAATGGGTAATGCTTCTATTAAGCGTGATTTACCGGAGAGTTTTTACAAAAGGATTGAAAACAAAGCTGGTTATATAGGAACTACCAGAGTGGTTGCTCCTACTCAGAGGCTTGATGCCCGCGAACATGGTTTTTCCCAGATAGTCAGGCGCGGTTCTACCGGTGACTGGTCGGGCGAATCCGGAGACTGGGGACCGATACTTTTAGCAGCTGTTCAGGAAAAAAAGAAACATGCAGCCGAGATTTCTCCTTTGGAAGCGGCTGATTATACCTGGAGTAATGCTTTCCAGATTGCCATGGACAGGTGGCATATTACCCTTGAACCGGGCAGGTATCAACAGGCACCCATAGCCGCCACCAAGGTTGAGCTTTCTCCCGAAGAAATGACTGCCAGAATAAAGAAGATTTGCCGCTGGTTTGGCTGTGAGCAGGTAGGTATCTGCGAAGTAACCGAAGATATGAAGCCTTTCTTCTATAGTGTAGGCAGAACCCGAGGTACTTATACTACCGGTCACGCCAACTATGTGGATAACGGCCGTGAAATTCCTTGGCCTTATCCCTACAAATACTGCATTGTGATGGCAGATAAATGTGATACGGATACCCTGAATGCACTTACCGGGCCTCTGGTTGAAGCCAGTGCCAAGATAGCCTGTTCTCAATCAGATTTCGCCCCCCATTATCTGGAGTCCATTATCCGCTCACTTGGTCATGATGCCAAGGCCAATATCTTCAGCGATACTGATATTATGGATACTCCTTTTGCCGTCAAAGCCGGTCTTGGCGAACTGGGACGAAGCGGTTTGGTAATTTCGCCTTGGGGCGCCCAGATGAGAATCATGGAAGTCTTTACCAACCTGCCGCTAGTTCCGGATAAGCCCATAGATTTTGGTCTTCAGGAATTCTGCAAGGTTTGCAAGAAGTGTGCCGACAACTGTCCCGCCAGTGCTATTTCTATGGACGATGAACCCAGTGAAGTTGATACCGTAGTTAAATCTATCCGTTGGTTCCAGGATGGTAAAAAGTGTCTGGCTCAGAGACTGGCTTATGGCTGTTCCAAATGCCAGGGTGTATGCCCGTGGTCCAAACCGGACACTCTAATCCACGAGGTAGGACGCATGGTAGGCCAGAACCCGGCTTTTGCCCCGTTCTTGGTTAAGCTGGACGATTTCTTCTATAACAGATATCCTGAAGGACATGCCACTGGTGAATGGGCTCCCTGGAGATAG	
29	Dm11a5_0232	WP_034376790.1	Dm11a5_RS01135	27856620	Dehalococcoides mccartyi 11a5		ATGCAAGGATTCCATTCTGCTTTATCAAGACGAGACTTTATGAAGGGTATTGGGTTGACTGGCGCAGGTTTTGGTATTGCCGCTGCTACAGCTCCGGTATTCAGAGATTTGGATGAAGGTGCTTCCACAGCCGCTAATACTTACAAGAAAAATCCTTGGTGGGTCAAAGAGCGCAATTATTGTGATCCTACTACCCCTATAGACTGGGATGTATGGAAAGCTTTTGATGCTACCCATTATGACTATATCGGCGGGCAATATTCTGATGAATATTTAGCTCAAATTGGTATACCTTCTGTACTTAATGAAAGTGTAGCAAAGAGGCACGAGCGTATAACTTCTCGTTTGGGTAAACCCGGTTACTCCATGCAGGACTGGGCTTTTTGCCAGGGAGCCAAAAACGTAACCTCTTCTATGTGCTATAACGAATTTGGTCAGGGTCGGTCAATGTTCCTAGGTGACAAGAAAATGATGGATTCCATCATGACTCCGGAACAGATCGGCTTGGCCAAGTACGAAGGTACTCCCGAGTACAATGCCCTTATGCTCAAGAGTGCTATCCGCTTCTTTGGTGGTACCGATATCCGGTGTTTACCTGTTGATGACAAGACTAAAAGAGTCCTGAATATTGGTGAAAACCAGCACCCTGACCAGCCTTATGTCTGGGAAGACGGCATATCCTGGCCGTATGAAACCAGAACAAAGAGGGCTATTCCGAATCAAGGTGCCCATATTTTGGTATTCAGCTACAACGGTTCGTATGACGGCACTGTACGCAGCCCGTCCTGGATATCCAACGGCGTAGCTTTCAATCAGTGTCTTTCCGGTGATGCTATTCAGCTTTATCTCCAGCGTTTTGTAAAGGGACTGGGTTACTGGCTGGTAGGTGGCGATGATTTCCCCGGTATAGCCAGCTACCCCGGCGCAGGCGCTCTATCCGGTTTCGGAGAAATCGGCCGTATAGGTCATGCAGTCGGCTGGGACAAATGGATGCGTTGCACCCGCTTGATGATTACCAATCTGCCTTTGCCAGCTGATAATCCTATCGATTTTGGTGTTGTGTCATTTTGCACTACCAGCTGTAAGAAATGCGCCGAATTCTGCCCTGTTAGCGCTATCAAAATGGATCAAGAGCCCAGCTGGGAATTAGCAACTGATCCTTCCAACCCATATTTAAAGCCCCAGAACTTCAACAACCCCGGTAGGAAGACTTGGTATCTGAATCAGGCCGGCTGTTTCTCCAACTGGTGTTTGACCGATACTTTCTGCGGTATTTGTATGGGAGAGTGCGTATTTAACAAGCTGGCTGATTCCAGTATCCATGAGATTGTTAAACCGATTATTGCCAATACCACTTTACTGGATGGCTTCTTCTTTAATATGGATAAAGCCTTTGGTTATGGTTGCTTGCCGGAAGACAAGTGGGAAGATTGGTGGACCTTGGGCGAAAAGATGCCCATACATGGTATCTAG	
37	KB1_11	WP_011309901	DQ177516	16332811	KB-1 consortium		GCTGGGATTAGTCGGTGCCGGCGTTGGAGCAGCAGGTGCTGCAAATCCTGTTTTCCATGACATAGATGAAATAGCTTCAYCATCCTCGTCACTCCAACACAACCCCTGGTGGGTAAAAGATGTTGACCAGCCCACCACACCCATAGACTGGGATGTTTTAAAGCCTGGCAGAGTAGCATATGTCGGTACCGGTATGTTTGGCGGCATGGGCCCTGATGTATTGAAATACTCTCGCGCCGAAACTCAGAAACTAATGATAAATTACCTGAAAAGTGAAGACCCCAATTGGCAACCAGGTGCTAATCTACTTGGAGTGAAGTCTGCCTCCACAGACCCGGAATATCCGGATTTTGCYGGAGATATTAAGGATAATGCTCTGGCAACCGGTTCTGCCTTACTCACCGCAGGCGTATTTCCAATGGAAGTAATAATGGCAACCGGAGGTAAGTATTTTTCCTTGACTGATCATCCCGAAGGTTGGCGAGAAGTTCCTTATATAACGCAGCGCGGCGGTACCAAGTGGCAGGGCTCACCGGAAGAAGCTTTGAAAGTAGTCCGGGCAGCTGCCCGTTTTTATGGCTTTGATGATGTTCAGGCCATACCGGTAGATGAAAAATTCCTTAAGGTTATGTGGGGCACCAAGCAAATGATAATTTCAAATGCCCCTACAACCTTTGAATTTGGTGATGTGGATGATTTTGTATGCACACCGGCAGTAAATCCCACCAATATCACCATACCTAATAAGTGCAAATGGTATCTGAACTTCACTTGCRGGCAACCCGGTGAAGTTACTCGCCACGCWCAATCAACTACTCAGAACGCTGCACAAACTTATTCGTATGCCAACTGGATCAAAACATTCAAACATGTTCAGGACTTCCTGTGGGGACTGGGCTATATCTCTTTGGACAATATCCATGGCCGTTTCATTCCCACCGGTTTTACCGGCACAATGTGCGGCGCCGGTGAGTTGTCCAGATGGAGCGGTATCTTAACCCCCAAATACGGCAMTATGACCCGCGTTGTGCACGGCGTCCTGACTGATTTACCCCTTGCGGAAACCAGTCCGGTTGATTTTGGTGCCCGTAAATTCTGCGAAACCTGCGGYATTTGTGCGGATTCCTGTCCCCAGGGCGCCATTCAGCAGGGTGAAGCAACCTGGGATGCACGTTATGCATGGGAAAACTCCGGCYACCTTGGCTGGCGTAATGATCTGACCCTGTGTAACCATTGCCCGGTCTGCCAGGGCGTTTGCCCTTTTAATGCCTTTGATAAATCCGGTAYTCACGAAATYATCAAGAGTACTATCTCAACCACTTCCCTCTTCAACGGATTCTTCAGAAGCATGGACAAAACCTTCCATTATGGCAGGAAACCTGCTGCGGAATGGTGGGATGATCCTAACCAGCCGGTTTGGGGCRTGGATACCACAGTCTAATAATAGAACTCTARAAGGAGAGACAAAATGAATTATCTGATAGGGCTGCTGATAGGAATAGTTATAGCCTTAATAGCATACACGCTTAACCGCAAAGTCAGTTTCAAG	MGLVGAGVGAAGAANPVFHDIDEIASXSSSLQHNPWWVKDVDQPTTPIDWDVLKPGRVAYVGTGMFGGMGPDVLKYSRAETQKLMINYLKSEDPNWQPGANLLGVKSASTDPEYPDFAGDIKDNALATGSALLTAGVFPMEVIMATGGKYFSLTDHPEGWREVPYITQRGGTKWQGSPEEALKVVRAAARFYGFDDVQAIPVDEKFLKVMWGTKQMIISNAPTTFEFGDVDDFVCTPAVNPTNITIPNKCKWYLNFTCXQPGEVTRHAQSTTQNAAQTYSYANWIKTFKHVQDFLWGLGYISLDNIHGRFIPTGFTGTMCGAGELSRWSGILTPKYGXMTRVVHGVLTDLPLAETSPVDFGARKFCETCGICADSCPQGAIQQGEATWDARYAWENSGXLGWRNDLTLCNHCPVCQGVCPFNAFDKSGXHEIIKSTISTTSLFNGFFRSMDKTFHYGRKPAAEWWDDPNQPVWGXDTTV
S-331	none	PVV83243.1	DD509_07230	Unpublished	Dehalogenimonas alkenigignens BRE15M		GTGAAAAAATTCCATTCCACCATCAGCCGCAGGGATTTCATGAAGGGTTTAGGTCTTGTCGGCGGCGCCGCCGCCGTAGCTCCGGCGTTTCATGACATTGACGAACTTACCGCCTCGCCAAACAACACCAGAAAACGCAGTTGGTGGGTTAAGGATGTTGATCATCCAACCGTCGATATTGACTGGCAGATGATGGCTCGCCACCACGGCTTTCACAGCACTCAGTCAGCGGCAATCGTAGCCAGGTATTACGGGCTCAATGAATATAACGCGATGACCATGCCCAGTACTGTTGAAAGACTGAAAAATAATGAGCCGGGATTCCGCCTCAAAGATTACGCCTTCGGTTCAGCAGCGGGTATCTGGGAAGGGCCTCTGGGTTTCGGCTTCGGTTCCTGGCGCGTTACAGGCGGTCCTGCATCACACAAAGCCTACGTGGGATACCAGCGAGCCTCGACCCCAGCCCAACTCGGTGTGCCGAATTGGACAGGCTCTCCTGAAGAAGCGGCAGCAATGCTTCGGTCAGCGATGATTGCCTACGGCGCCTCTGATGTGTCTTTCGGCGAACTCCACGACGATCACCTGAAACTGGTCGGCACCCACG...	MKKFHSTISRRDFMKGLGLVGGAAAVAPAFHDIDELTASPNNTRKRSWWVKDVDHPTVDIDWQMMARHHGFHSTQSAAIVARYYGLNEYNAMTMPSTVERLKNNEPGFRLKDYAFGSAAGIWEGPLGFGFGSWRVTGGPASHKAYVGYQRASTPAQLGVPNWTGSPEEAAAMLRSAMIAYGASDVSFGELHDDHLKLVGTH
S-333	none	PVV82776.1	DD509_08270	Unpublished	Dehalogenimonas alkenigignens BRE15M		ATGAGCAGGTTTCATTCAACACTCAGCCGCAGGGATTTCATGAAAGGTTTAGGTCTTGTCGGCGCCGCCTCAGCGGTAGCTCCGGCGTTTCACGACATAGATGAGCTATCCGCTGCCCCCAATAACACCCGGAAGCGAGCCTGGTGGATAAAAGAAGTGGATCACCCAACGGTGGATATTGACTGGCAGATGATGGCCCGGCATCACGGCTTTCACAGCACCCAGTCCGCCGCCATCGTCGCCCGATACTTCGGCTTGTCGGATTACAATGCTCAAACCCTGCCCAGCACGACCGAGCGGTTGAAGAATAACGAGCCCGGATACCAGCTCCGCGATGTCGCTTTTTCCGCCGCGGCCGGTGTTTGGGAAGGTCCTTTGGGATTCGGTTTCGGTTCCTGGCGGGTTACCGGCGGCCCTTCATCGAATAAAGCCTACGTGGGTTACCAGCGTGTCTCAACGCCGGAGCAGCTTGGTGTCCCAAAATGGTCCGGCTCCGCCGACGAGGCGGCTAAAATGCTTCGGTCTGCGATGATCGCCTACGGCGCCTCCGATGTGTCTTTCGGCGAACTCCACGACGATCACCTGAAACTGGTCGGCACCCACG...	MSRFHSTLSRRDFMKGLGLVGAASAVAPAFHDIDELSAAPNNTRKRAWWIKEVDHPTVDIDWQMMARHHGFHSTQSAAIVARYFGLSDYNAQTLPSTTERLKNNEPGYQLRDVAFSAAAGVWEGPLGFGFGSWRVTGGPSSNKAYVGYQRVSTPEQLGVPKWSGSADEAAKMLRSAMIAYGASDVSFGELHDDHLKLVGTH
